red,green,blue,color,label
20,139,240,Blue,0
174,83,72,Brown,0
144,249,131,Green,1
168,25,156,Pink,0
30,182,136,Green,1
199,150,175,Pink,0
199,93,154,Pink,0
231,243,25,Yellow,0
48,213,76,Green,1
38,3,64,Blue,0
82,181,56,Green,1
249,99,108,Pink,0
24,161,177,Blue,0
180,134,41,Brown,0
125,103,236,Blue,0
10,155,98,Green,1
228,85,7,Orange,0
249,15,198,Pink,0
172,13,155,Pink,0
215,195,149,Brown,0
250,146,229,Pink,0
159,253,91,Green,1
58,137,127,Green,1
201,191,242,Purple,0
253,208,44,Yellow,0
95,189,94,Green,1
119,183,248,Blue,0
71,45,228,Blue,0
161,229,147,Green,1
202,21,34,Red,0
29,5,190,Blue,0
1,86,186,Blue,0
213,160,139,Brown,0
172,15,121,Pink,0
127,240,90,Green,1
7,160,197,Blue,0
187,191,105,Green,1
37,233,32,Green,1
101,40,153,Purple,0
91,77,165,Purple,0
216,154,222,Pink,0
43,223,41,Green,1
13,23,218,Blue,0
40,227,174,Green,1
122,168,93,Green,1
82,157,53,Green,1
77,53,19,Brown,0
45,158,151,Green,1
154,3,50,Pink,0
138,214,179,Green,1
28,154,202,Blue,0
126,111,138,Purple,0
199,106,189,Pink,0
121,110,237,Blue,0
83,225,69,Green,1
22,68,79,Green,1
165,140,146,Grey,0
205,6,230,Pink,0
138,40,96,Pink,0
237,99,167,Pink,0
96,70,210,Blue,0
91,179,160,Green,1
27,65,68,Green,1
90,74,177,Blue,0
94,35,55,Brown,0
68,240,4,Green,1
108,205,107,Green,1
135,150,126,Green,1
45,193,250,Blue,0
222,208,15,Yellow,0
114,177,116,Green,1
150,170,0,Green,1
93,69,220,Blue,0
7,25,120,Blue,0
93,75,199,Blue,0
125,114,45,Green,1
48,180,118,Green,1
90,85,172,Blue,0
21,156,221,Blue,0
23,119,227,Blue,0
183,193,0,Yellow,0
78,66,228,Blue,0
221,141,165,Pink,0
50,131,120,Green,1
237,227,32,Yellow,0
25,124,117,Green,1
184,185,99,Green,1
60,11,184,Blue,0
128,203,17,Green,1
176,34,118,Pink,0
15,77,233,Blue,0
73,71,31,Grey,0
140,178,187,Blue,0
94,160,239,Blue,0
153,174,67,Green,1
44,17,61,Purple,0
22,73,181,Blue,0
241,147,43,Orange,0
231,15,60,Pink,0
24,63,229,Blue,0
32,114,134,Blue,0
73,203,197,Blue,0
201,64,139,Pink,0
100,34,146,Purple,0
104,124,76,Green,1
237,23,6,Red,0
84,24,253,Blue,0
207,221,69,Yellow,0
226,158,50,Orange,0
76,21,88,Purple,0
146,70,179,Purple,0
18,240,118,Green,1
146,253,227,Green,1
120,112,15,Green,1
40,181,201,Blue,0
122,234,187,Green,1
131,111,1,Green,1
96,123,96,Grey,0
47,131,241,Blue,0
153,96,246,Purple,0
187,109,167,Pink,0
194,191,49,Yellow,0
237,168,135,Orange,0
20,240,35,Green,1
159,254,27,Green,1
93,16,175,Purple,0
26,4,250,Blue,0
164,229,160,Green,1
162,24,143,Pink,0
147,127,137,Grey,0
213,85,199,Pink,0
187,52,84,Pink,0
252,229,113,Yellow,0
248,89,204,Pink,0
93,108,230,Blue,0
215,95,12,Orange,0
144,205,203,Green,1
179,19,115,Pink,0
213,64,139,Pink,0
214,79,12,Orange,0
44,183,126,Green,1
247,183,133,Orange,0
150,242,18,Green,1
212,171,201,Pink,0
110,12,97,Purple,0
72,198,20,Green,1
115,101,51,Brown,0
187,86,150,Pink,0
249,135,7,Orange,0
164,105,248,Purple,0
74,148,136,Green,1
113,196,74,Green,1
201,34,192,Pink,0
79,18,222,Blue,0
0,157,138,Green,1
107,128,105,Grey,0
140,20,70,Pink,0
132,218,15,Green,1
167,202,217,Blue,0
215,142,209,Pink,0
126,38,126,Pink,0
199,225,240,Blue,0
96,78,130,Purple,0
125,253,242,Blue,0
164,86,80,Brown,0
180,249,170,Green,1
85,233,90,Green,1
199,233,203,Green,1
90,154,76,Green,1
54,187,79,Green,1
125,43,30,Brown,0
35,34,66,Blue,0
243,33,165,Pink,0
1,119,93,Green,1
91,206,23,Green,1
54,240,229,Green,1
157,168,249,Blue,0
100,211,172,Green,1
49,194,108,Green,1
98,115,97,Grey,0
42,49,89,Blue,0
50,157,15,Green,1
56,132,76,Green,1
92,203,37,Green,1
96,153,95,Green,1
55,25,104,Purple,0
55,118,237,Blue,0
139,157,154,Grey,0
228,91,251,Pink,0
6,218,230,Blue,0
222,10,80,Pink,0
9,132,209,Blue,0
158,56,220,Purple,0
99,24,41,Brown,0
222,101,221,Pink,0
117,129,227,Blue,0
37,236,19,Green,1
228,183,138,Brown,0
9,228,206,Green,1
183,16,203,Pink,0
74,222,101,Green,1
176,253,108,Green,1
124,197,25,Green,1
169,231,234,Blue,0
195,248,212,Green,1
159,110,233,Purple,0
187,90,38,Brown,0
177,251,233,Green,1
209,185,127,Brown,0
148,152,109,Green,1
13,24,227,Blue,0
34,251,11,Green,1
136,128,148,Purple,0
128,76,189,Purple,0
250,11,126,Pink,0
148,175,65,Green,1
100,70,139,Purple,0
222,187,175,Brown,0
6,207,15,Green,1
32,2,42,Purple,0
140,133,31,Green,1
196,138,75,Brown,0
170,103,140,Pink,0
129,3,158,Pink,0
178,135,94,Brown,0
79,43,164,Blue,0
234,205,4,Yellow,0
207,112,105,Pink,0
67,6,95,Purple,0
216,187,235,Purple,0
20,230,66,Green,1
3,88,41,Green,1
219,124,89,Orange,0
110,137,90,Green,1
168,127,98,Brown,0
79,30,185,Blue,0
54,238,248,Blue,0
42,82,224,Blue,0
128,4,95,Pink,0
170,119,95,Brown,0
2,250,110,Green,1
88,75,176,Blue,0
120,181,117,Green,1
65,224,187,Green,1
229,22,242,Pink,0
191,121,110,Brown,0
115,10,109,Purple,0
92,107,247,Blue,0
155,180,197,Blue,0
69,44,84,Purple,0
84,201,197,Green,1
7,34,18,Green,1
72,191,249,Blue,0
51,53,126,Blue,0
109,96,41,Brown,0
35,65,88,Blue,0
17,173,96,Green,1
165,158,189,Pink,0
153,221,50,Green,1
122,40,228,Purple,0
210,36,105,Pink,0
190,223,111,Green,1
120,244,253,Blue,0
207,244,229,Green,1
14,118,139,Blue,0
153,154,24,Green,1
198,237,249,Blue,0
146,97,184,Purple,0
35,176,27,Green,1
68,45,203,Blue,0
1,247,169,Green,1
67,90,56,Green,1
96,198,3,Green,1
152,237,10,Green,1
181,171,2,Yellow,0
122,23,133,Purple,0
186,47,95,Pink,0
229,58,166,Pink,0
69,85,150,Blue,0
131,107,11,Brown,0
55,192,161,Green,1
71,125,226,Blue,0
67,28,196,Blue,0
117,181,80,Green,1
229,185,186,Pink,0
120,120,120,Grey,0
29,74,18,Green,1
70,213,238,Blue,0
162,1,129,Pink,0
30,40,67,Purple,0
164,116,242,Purple,0
115,233,181,Green,1
76,4,8,Brown,0
101,190,184,Green,1
135,190,83,Green,1
72,228,88,Green,1
59,183,152,Green,1
235,222,85,Yellow,0
20,131,231,Blue,0
35,142,53,Green,1
230,49,147,Pink,0
78,150,192,Blue,0
157,121,220,Pink,0
147,53,75,Brown,0
6,149,209,Blue,0
123,239,227,Green,1
205,85,150,Pink,0
122,39,144,Purple,0
199,19,240,Pink,0
145,215,190,Green,1
31,60,63,Green,1
179,244,226,Green,1
219,220,186,Green,1
34,197,28,Green,1
168,190,32,Green,1
2,71,158,Blue,0
238,80,21,Orange,0
191,140,49,Brown,0
199,31,155,Pink,0
15,143,148,Blue,0
32,97,29,Green,1
43,77,186,Blue,0
60,11,84,Purple,0
26,86,254,Blue,0
105,66,152,Purple,0
174,221,94,Green,1
40,177,88,Green,1
189,174,180,Grey,0
8,175,154,Green,1
74,220,219,Blue,0
121,178,183,Grey,0
107,71,222,Purple,0
169,213,160,Green,1
229,240,86,Yellow,0
249,137,157,Pink,0
201,157,44,Brown,0
119,144,38,Green,1
188,229,226,Green,1
76,187,67,Green,1
221,52,249,Pink,0
174,233,91,Green,1
248,55,15,Red,0
174,28,150,Pink,0
191,205,98,Green,1
113,206,41,Green,1
210,33,190,Pink,0
159,246,224,Green,1
195,110,19,Brown,0
73,17,171,Blue,0
252,241,233,White,0
202,123,172,Pink,0
79,90,5,Green,1
205,112,113,Pink,0
125,248,226,Green,1
167,147,124,Grey,0
13,58,246,Blue,0
184,109,139,Pink,0
19,96,217,Blue,0
77,211,119,Green,1
87,176,74,Green,1
181,128,28,Brown,0
145,183,215,Blue,0
148,232,0,Green,1
23,159,174,Blue,0
122,232,125,Green,1
98,116,99,Grey,0
115,125,178,Purple,0
177,157,0,Yellow,0
12,249,121,Green,1
168,172,202,Purple,0
221,211,11,Yellow,0
114,247,58,Green,1
162,215,94,Green,1
128,184,246,Blue,0
2,7,204,Blue,0
182,109,159,Pink,0
51,87,240,Blue,0
35,36,61,Purple,0
163,253,92,Green,1
30,57,136,Blue,0
53,42,252,Blue,0
71,17,91,Purple,0
71,74,223,Blue,0
104,18,188,Purple,0
114,187,18,Green,1
203,115,23,Brown,0
230,93,43,Orange,0
147,221,41,Green,1
60,226,61,Green,1
80,95,201,Blue,0
223,152,61,Orange,0
59,46,42,Grey,0
156,144,45,Green,1
63,205,153,Green,1
197,115,185,Pink,0
130,130,130,Grey,0
231,128,94,Orange,0
20,89,24,Green,1
65,125,123,Green,1
143,146,218,Purple,0
46,155,194,Blue,0
193,177,233,Purple,0
242,34,9,Red,0
220,120,90,Red,0
240,45,126,Pink,0
20,222,197,Green,1
87,129,132,Blue,0
128,196,105,Green,1
234,141,208,Pink,0
189,248,77,Green,1
247,53,94,Pink,0
204,205,247,Purple,0
201,233,157,Green,1
94,13,222,Blue,0
183,187,187,Grey,0
87,148,42,Green,1
176,231,77,Green,1
195,142,11,Brown,0
1,111,117,Blue,0
195,132,103,Brown,0
66,227,191,Green,1
88,35,56,Brown,0
123,99,207,Purple,0
243,149,98,Orange,0
202,201,24,Yellow,0
48,8,190,Blue,0
221,127,20,Orange,0
240,206,72,Yellow,0
62,81,3,Green,1
5,19,229,Blue,0
135,37,59,Pink,0
43,229,122,Green,1
133,40,27,Brown,0
55,53,138,Blue,0
159,122,90,Brown,0
243,215,47,Yellow,0
56,128,184,Blue,0
60,29,223,Blue,0
25,194,80,Green,1
246,72,245,Pink,0
237,69,233,Pink,0
218,82,77,Red,0
211,136,229,Pink,0
19,13,75,Blue,0
141,142,11,Green,1
207,105,252,Pink,0
143,77,224,Purple,0
231,12,234,Pink,0
165,114,41,Brown,0
68,244,12,Green,1
204,7,233,Pink,0
235,3,189,Pink,0
169,55,5,Brown,0
110,235,19,Green,1
169,156,179,Grey,0
5,247,157,Green,1
150,10,91,Purple,0
95,58,22,Brown,0
83,215,214,Blue,0
69,14,240,Blue,0
72,18,219,Blue,0
166,239,214,Green,1
199,224,241,Blue,0
220,57,28,Orange,0
180,130,236,Purple,0
82,169,128,Green,1
239,173,169,Red,0
206,99,62,Orange,0
125,125,125,Grey,0
219,143,181,Pink,0
141,173,250,Blue,0
17,91,221,Blue,0
62,59,252,Blue,0
114,160,218,Blue,0
167,124,102,Brown,0
204,48,145,Pink,0
80,144,186,Blue,0
148,207,98,Green,1
186,112,39,Brown,0
151,70,222,Purple,0
111,198,67,Green,1
165,240,20,Green,1
220,227,38,Yellow,0
142,170,123,Green,1
245,80,23,Red,0
120,26,5,Brown,0
13,191,8,Green,1
101,0,248,Blue,0
56,251,197,Green,1
72,153,14,Green,1
180,69,92,Pink,0
203,75,249,Pink,0
34,103,152,Blue,0
179,71,6,Brown,0
39,74,239,Blue,0
95,106,1,Green,1
251,215,93,Yellow,0
140,51,31,Brown,0
209,57,132,Pink,0
46,137,135,Blue,0
173,1,92,Pink,0
1,6,229,Blue,0
101,76,21,Brown,0
133,123,7,Green,1
86,163,60,Green,1
239,61,198,Pink,0
110,145,63,Green,1
149,234,80,Green,1
83,158,215,Blue,0
170,165,156,Grey,0
173,71,215,Pink,0
170,150,45,Green,1
49,132,99,Green,1
114,208,211,Blue,0
236,239,154,Yellow,0
78,92,46,Green,1
252,171,40,Orange,0
162,129,1,Green,1
246,118,99,Orange,0
148,85,60,Brown,0
16,76,160,Blue,0
12,5,42,Blue,0
51,249,131,Green,1
128,233,202,Green,1
61,203,194,Green,1
217,26,95,Pink,0
71,51,80,Purple,0
61,127,159,Blue,0
13,67,65,Green,1
37,254,62,Green,1
139,139,164,Purple,0
139,67,74,Brown,0
137,37,2,Brown,0
232,31,179,Pink,0
126,193,109,Green,1
101,43,107,Purple,0
247,165,79,Orange,0
130,52,98,Purple,0
152,42,27,Brown,0
245,58,75,Red,0
4,249,212,Blue,0
19,127,104,Green,1
248,118,171,Pink,0
201,129,93,Brown,0
64,80,27,Green,1
254,102,188,Pink,0
205,25,228,Pink,0
196,157,52,Yellow,0
148,101,239,Purple,0
244,254,169,Yellow,0
169,49,52,Red,0
37,53,135,Blue,0
131,97,60,Brown,0
213,179,7,Yellow,0
246,25,203,Pink,0
70,78,142,Blue,0
140,248,129,Green,1
197,30,165,Pink,0
120,123,233,Blue,0
229,249,59,Yellow,0
172,78,160,Pink,0
26,204,231,Blue,0
161,153,7,Green,1
170,132,118,Brown,0
105,124,214,Blue,0
50,73,171,Blue,0
110,96,204,Blue,0
39,63,13,Green,1
209,219,16,Yellow,0
89,14,191,Blue,0
74,181,179,Green,1
178,156,246,Purple,0
225,160,112,Orange,0
120,41,87,Purple,0
228,139,154,Red,0
68,205,249,Blue,0
220,47,140,Pink,0
235,167,133,Orange,0
43,59,201,Blue,0
163,185,121,Green,1
138,96,202,Purple,0
202,57,125,Pink,0
59,179,85,Green,1
187,237,228,Green,1
92,39,137,Purple,0
174,101,34,Brown,0
8,27,198,Blue,0
80,125,31,Green,1
175,247,139,Green,1
85,31,74,Purple,0
134,0,144,Pink,0
9,199,98,Green,1
253,21,122,Pink,0
90,3,81,Purple,0
66,61,30,Green,1
22,236,214,Blue,0
83,233,103,Green,1
219,71,92,Red,0
119,192,150,Green,1
67,118,160,Blue,0
28,115,202,Blue,0
156,209,66,Green,1
155,134,18,Green,1
69,1,24,Pink,0
228,189,184,Red,0
205,60,59,Red,0
5,91,179,Blue,0
23,183,94,Green,1
97,178,41,Green,1
204,155,147,Red,0
123,223,68,Green,1
85,52,94,Purple,0
137,65,152,Purple,0
142,27,154,Purple,0
126,153,140,Grey,0
39,180,217,Blue,0
239,215,170,Yellow,0
45,188,153,Green,1
144,160,44,Green,1
44,111,120,Blue,0
42,227,207,Green,1
82,224,19,Green,1
48,143,67,Green,1
12,43,46,Blue,0
81,234,68,Green,1
248,150,15,Orange,0
184,245,78,Green,1
104,53,47,Brown,0
153,73,201,Pink,0
82,135,138,Blue,0
249,28,30,Red,0
152,2,147,Pink,0
188,107,149,Pink,0
211,162,112,Brown,0
239,133,203,Pink,0
215,32,95,Red,0
252,73,191,Pink,0
208,217,128,Green,1
217,90,158,Pink,0
32,131,41,Green,1
131,102,145,Purple,0
93,7,16,Brown,0
85,159,25,Green,1
252,35,208,Pink,0
114,252,105,Green,1
125,210,134,Green,1
58,37,55,Purple,0
67,178,227,Blue,0
195,45,131,Pink,0
244,2,251,Pink,0
45,9,107,Blue,0
119,121,186,Blue,0
233,90,21,Orange,0
189,211,32,Yellow,0
112,37,250,Purple,0
74,243,92,Green,1
195,241,142,Green,1
183,221,58,Green,1
152,244,166,Green,1
43,142,144,Blue,0
59,181,248,Blue,0
159,248,157,Green,1
131,73,15,Brown,0
232,84,65,Red,0
227,50,54,Red,0
195,165,161,Brown,0
151,162,25,Green,1
133,28,193,Purple,0
82,245,84,Green,1
186,93,30,Brown,0
237,126,98,Red,0
180,144,4,Green,1
165,74,83,Red,0
50,151,31,Green,1
62,194,243,Blue,0
181,105,88,Brown,0
76,155,133,Green,1
174,224,32,Green,1
143,251,58,Green,1
194,121,12,Orange,0
68,11,230,Blue,0
106,39,10,Brown,0
28,48,96,Blue,0
75,225,168,Green,1
45,101,115,Blue,0
153,252,9,Green,1
96,217,73,Green,1
47,75,71,Grey,0
226,236,28,Yellow,0
103,233,82,Green,1
18,11,144,Blue,0
65,137,194,Blue,0
164,244,169,Green,1
125,216,249,Blue,0
215,18,80,Red,0
87,74,20,Green,1
215,108,60,Orange,0
14,4,243,Blue,0
207,97,23,Orange,0
118,152,7,Green,1
87,68,246,Blue,0
171,75,50,Brown,0
33,227,71,Green,1
108,158,192,Blue,0
75,144,176,Blue,0
169,90,236,Pink,0
58,106,91,Green,1
165,84,204,Purple,0
89,20,34,Brown,0
238,122,164,Pink,0
69,239,136,Green,1
67,128,31,Green,1
201,125,179,Green,1
226,66,183,Pink,0
210,68,185,Pink,0
31,16,208,Blue,0
105,105,152,Blue,0
171,225,249,Blue,0
217,80,219,Pink,0
89,18,17,Brown,0
122,11,42,Red,0
240,62,128,Red,0
183,98,222,Purple,0
181,248,15,Green,1
185,158,166,Grey,0
165,211,10,Green,1
174,126,123,Brown,0
245,20,169,Pink,0
206,185,218,Blue,0
144,20,36,Red,0
234,227,148,Yellow,0
237,45,66,Red,0
117,176,42,Green,1
105,229,23,Green,1
199,176,32,Yellow,0
144,241,249,Blue,0
15,252,165,Green,1
133,87,102,Purple,0
0,253,115,Green,1
134,5,106,Purple,0
150,166,140,Green,1
209,118,100,Orange,0
107,141,23,Green,1
214,224,154,Green,1
76,141,210,Blue,0
167,9,55,Red,0
1,140,175,Blue,0
203,166,10,Yellow,0
37,108,182,Blue,0
34,20,85,Blue,0
252,229,92,Yellow,0
136,11,8,Red,0
71,210,125,Green,1
122,221,132,Green,1
253,64,161,Pink,0
16,229,249,Blue,0
206,162,89,Brown,0
226,196,24,Yellow,0
228,53,148,Pink,0
45,11,64,Purple,0
79,184,63,Green,1
34,30,151,Blue,0
192,50,171,Pink,0
237,112,162,Pink,0
85,169,225,Blue,0
103,100,246,Blue,0
36,81,59,Green,1
67,224,59,Green,1
130,202,85,Green,1
61,82,18,Green,1
251,118,190,Pink,0
196,70,138,Pink,0
167,110,212,Purple,0
57,74,154,Blue,0
45,216,247,Blue,0
252,78,204,Pink,0
177,57,173,Purple,0
108,136,107,Green,1
8,143,41,Green,1
41,122,243,Blue,0
241,237,85,Yellow,0
88,219,57,Green,1
182,61,119,Pink,0
54,118,100,Green,1
67,10,188,Blue,0
87,99,201,Blue,0
214,145,138,Red,0
7,181,11,Green,1
2,193,184,Blue,0
208,189,64,Yellow,0
98,93,244,Blue,0
76,60,9,Brown,0
217,169,48,Yellow,0
171,240,191,Green,1
187,17,168,Pink,0
155,107,84,Brown,0
197,69,2,Orange,0
237,64,158,Pink,0
67,189,237,Blue,0
248,61,147,Pink,0
16,103,114,Blue,0
174,65,47,Red,0
244,92,246,Pink,0
94,108,178,Blue,0
198,249,4,Yellow,0
226,218,234,Grey,0
69,139,20,Green,1
19,85,197,Blue,0
249,204,191,Orange,0
197,200,56,Green,1
12,16,138,Blue,0
161,61,212,Purple,0
34,36,215,Blue,0
107,16,191,Purple,0
70,187,130,Green,1
40,209,172,Green,1
51,92,204,Blue,0
187,38,182,Pink,0
135,96,28,Brown,0
5,125,250,Blue,0
11,248,38,Green,1
33,253,214,Green,1
185,245,115,Green,1
118,253,28,Green,1
20,76,214,Blue,0
247,180,5,Orange,0
100,126,200,Blue,0
235,156,198,Pink,0
230,104,223,Pink,0
223,181,249,Purple,0
133,133,133,Grey,0
32,123,0,Green,1
17,2,149,Blue,0
45,129,16,Green,1
242,242,11,Yellow,0
33,57,20,Green,1
110,29,3,Brown,0
36,221,9,Green,1
65,250,78,Green,1
121,121,121,Grey,0
166,209,227,Blue,0
231,234,253,Purple,0
72,31,134,Purple,0
210,206,234,Purple,0
3,94,144,Blue,0
62,219,97,Green,1
16,161,94,Green,1
153,146,30,Green,1
245,116,195,Pink,0
144,232,125,Green,1
218,35,153,Pink,0
250,163,51,Orange,0
21,147,125,Green,1
58,254,99,Green,1
137,66,68,Brown,0
80,39,91,Purple,0
35,39,92,Purple,0
65,144,68,Green,1
100,179,14,Green,1
38,168,140,Green,1
156,212,105,Green,1
44,37,113,Blue,0
137,51,240,Purple,0
158,29,217,Pink,0
158,158,158,Grey,0
192,236,15,Yellow,0
30,61,254,Blue,0
88,218,50,Green,1
187,123,158,Pink,0
80,130,207,Blue,0
187,166,55,Yellow,0
38,186,172,Blue,0
167,203,62,Green,1
76,200,125,Green,1
44,8,44,Purple,0
234,159,174,Red,0
224,114,28,Orange,0
1,33,230,Blue,0
8,156,127,Green,1
144,37,186,Purple,0
166,229,142,Green,1
154,153,123,Grey,0
8,22,215,Blue,0
67,152,91,Green,1
43,112,181,Blue,0
228,84,214,Pink,0
74,239,117,Green,1
47,74,13,Green,1
244,184,77,Orange,0
164,8,50,Red,0
186,93,229,Pink,0
221,172,11,Orange,0
191,13,19,Red,0
139,231,168,Green,1
86,23,144,Purple,0
73,161,124,Green,1
61,79,35,Green,1
192,28,52,Red,0
185,115,138,Pink,0
94,104,250,Blue,0
72,218,182,Green,1
164,247,217,Green,1
184,71,242,Purple,0
241,85,185,Pink,0
222,200,80,Yellow,0
31,132,202,Blue,0
87,135,12,Green,1
44,245,201,Green,1
212,45,202,Pink,0
204,113,33,Orange,0
197,204,251,Blue,0
82,29,210,Blue,0
182,31,173,Pink,0
0,43,225,Blue,0
108,246,54,Green,1
210,130,229,Purple,0
80,57,134,Purple,0
76,32,221,Blue,0
63,109,22,Green,1
42,148,44,Green,1
90,223,66,Green,1
237,74,202,Pink,0
3,128,220,Blue,0
248,57,58,Red,0
65,143,15,Green,1
122,190,200,Blue,0
148,176,246,Blue,0
216,47,113,Red,0
24,20,171,Blue,0
137,122,143,Grey,0
29,98,51,Green,1
45,177,172,Blue,0
114,137,94,Green,1
63,67,164,Blue,0
250,80,163,Pink,0
34,243,1,Green,1
22,247,106,Green,1
19,249,238,Blue,0
235,224,4,Yellow,0
219,29,246,Pink,0
97,158,109,Green,1
66,27,207,Blue,0
38,108,14,Green,1
36,175,140,Green,1
166,78,49,Brown,0
18,74,210,Blue,0
178,202,107,Green,1
108,75,98,Purple,0
218,44,212,Pink,0
61,249,121,Green,1
119,43,184,Purple,0
168,254,29,Green,1
244,44,72,Red,0
52,166,55,Green,1
121,106,76,Grey,0
218,19,192,Pink,0
85,184,229,Blue,0
76,176,54,Green,1
103,173,158,Green,1
165,96,7,Brown,0
241,176,37,Orange,0
176,151,162,Purple,0
31,103,26,Green,1
42,120,152,Blue,0
102,175,198,Blue,0
14,196,29,Green,1
35,147,35,Green,1
39,67,15,Green,1
119,147,60,Green,1
143,48,181,Pink,0
12,186,241,Blue,0
21,80,243,Blue,0
102,90,20,Brown,0
242,211,50,Yellow,0
4,66,238,Blue,0
134,224,20,Green,1
183,58,214,Pink,0
92,64,152,Purple,0
68,43,252,Blue,0
75,44,233,Blue,0
95,8,47,Pink,0
179,108,104,Red,0
38,21,88,Blue,0
180,111,160,Purple,0
218,30,192,Pink,0
177,32,71,Red,0
243,210,219,Red,0
155,224,198,Green,1
39,254,78,Green,1
28,49,49,Green,1
179,61,239,Pink,0
38,83,88,Green,1
168,88,204,Purple,0
253,83,214,Pink,0
33,22,248,Blue,0
223,91,154,Pink,0
6,206,245,Blue,0
220,33,210,Pink,0
204,188,12,Yellow,0
67,153,30,Green,1
6,9,16,Black,0
206,137,120,Brown,0
202,43,125,Pink,0
50,150,212,Blue,0
3,77,95,Blue,0
161,195,240,Blue,0
192,29,190,Pink,0
245,50,98,Red,0
217,136,126,Brown,0
137,93,150,Purple,0
58,249,250,Blue,0
131,95,201,Purple,0
43,246,160,Green,1
15,205,124,Green,1
225,39,120,Pink,0
208,215,46,Yellow,0
29,68,152,Blue,0
53,123,80,Green,1
44,159,110,Green,1
98,217,127,Green,1
227,215,133,Yellow,0
182,38,81,Red,0
27,203,3,Green,1
199,108,23,Orange,0
201,215,178,Green,1
218,202,42,Yellow,0
158,30,56,Red,0
220,116,78,Orange,0
225,235,44,Yellow,0
80,200,246,Blue,0
18,152,65,Green,1
167,71,182,Pink,0
202,184,39,Yellow,0
245,238,156,Yellow,0
109,145,37,Green,1
15,88,121,Blue,0
128,181,250,Blue,0
117,184,169,Green,1
190,131,220,Pink,0
15,129,132,Green,1
30,214,132,Green,1
228,135,41,Orange,0
224,126,98,Brown,0
207,28,26,Red,0
21,36,134,Blue,0
23,51,164,Blue,0
34,88,52,Green,1
68,15,2,Brown,0
90,217,186,Green,1
212,57,132,Pink,0
154,136,42,Green,1
106,179,71,Green,1
95,133,30,Green,1
1,131,217,Blue,0
56,111,48,Green,1
232,88,66,Red,0
105,80,61,Brown,0
130,76,36,Brown,0
94,250,212,Green,1
252,167,138,Orange,0
253,96,190,Pink,0
136,212,254,Blue,0
174,188,1,Green,1
227,136,146,Red,0
107,237,217,Blue,0
26,121,111,Green,1
122,30,207,Purple,0
13,77,45,Green,1
38,222,179,Green,1
167,24,220,Purple,0
90,20,154,Purple,0
104,139,69,Green,1
10,139,33,Green,1
172,19,211,Purple,0
196,205,15,Yellow,0
16,223,143,Green,1
176,176,176,Grey,0
105,47,34,Brown,0
70,5,176,Blue,0
236,144,4,Orange,0
208,177,25,Yellow,0
48,131,77,Green,1
229,188,152,Brown,0
64,30,176,Blue,0
125,159,86,Green,1
161,236,83,Green,1
210,191,64,Yellow,0
33,17,183,Blue,0
245,34,34,Red,0
170,108,19,Brown,0
213,167,231,Purple,0
198,211,84,Green,1
204,188,6,Yellow,0
80,89,222,Blue,0
26,89,86,Green,1
98,61,192,Purple,0
82,101,107,Grey,0
102,171,118,Green,1
138,99,170,Purple,0
4,253,159,Green,1
251,158,192,Pink,0
162,150,163,Grey,0
83,139,227,Blue,0
163,250,150,Green,1
40,126,239,Blue,0
100,224,128,Green,1
236,172,254,Pink,0
242,75,245,Pink,0
41,5,1,Brown,0
30,71,134,Blue,0
127,0,54,Pink,0
207,237,242,Blue,0
89,105,19,Green,1
192,236,204,Green,1
54,252,37,Green,1
42,195,33,Green,1
41,191,51,Green,1
179,22,33,Red,0
247,234,78,Yellow,0
141,229,4,Green,1
253,237,145,Yellow,0
123,202,242,Blue,0
27,46,80,Blue,0
206,196,17,Yellow,0
130,2,12,Red,0
84,101,161,Blue,0
180,80,176,Pink,0
135,16,205,Purple,0
53,171,67,Green,1
21,51,171,Blue,0
158,77,120,Purple,0
138,159,19,Green,1
23,209,25,Green,1
134,46,175,Purple,0
54,218,38,Green,1
199,55,233,Pink,0
72,86,125,Blue,0
129,130,51,Green,1
29,99,25,Green,1
156,57,148,Purple,0
125,11,40,Red,0
188,183,193,Grey,0
234,126,74,Orange,0
77,79,224,Blue,0
167,174,15,Green,1
59,160,198,Blue,0
220,93,187,Pink,0
245,127,200,Pink,0
42,245,79,Green,1
82,179,93,Green,1
94,82,115,Purple,0
111,248,209,Green,1
211,201,78,Yellow,0
83,130,156,Blue,0
65,83,157,Blue,0
53,40,200,Blue,0
246,150,8,Orange,0
205,58,39,Red,0
5,253,113,Green,1
191,243,57,Green,1
248,58,166,Pink,0
108,136,121,Grey,0
168,131,253,Purple,0
226,81,197,Pink,0
29,193,91,Green,1
95,245,241,Blue,0
215,43,61,Red,0
194,40,242,Pink,0
229,88,84,Red,0
112,152,21,Green,1
83,12,19,Brown,0
240,24,223,Pink,0
103,4,68,Purple,0
52,122,20,Green,1
119,106,224,Blue,0
51,67,168,Blue,0
129,27,196,Purple,0
128,178,183,Blue,0
59,254,88,Green,1
123,225,170,Green,1
221,89,191,Pink,0
106,165,139,Green,1
13,22,159,Blue,0
81,217,107,Green,1
244,133,168,Pink,0
37,105,217,Blue,0
141,26,42,Red,0
117,182,49,Green,1
63,173,229,Blue,0
56,165,143,Green,1
78,31,131,Purple,0
209,85,178,Pink,0
16,148,24,Green,1
186,33,217,Pink,0
40,191,78,Green,1
49,109,11,Green,1
84,111,219,Blue,0
106,75,148,Purple,0
227,129,70,Orange,0
94,3,6,Brown,0
200,71,242,Pink,0
184,194,67,Yellow,0
143,140,75,Green,1
166,228,25,Green,1
44,61,6,Green,1
111,165,93,Green,1
135,166,203,Blue,0
213,2,18,Red,0
208,247,211,Green,1
62,242,180,Green,1
40,144,123,Green,1
189,117,214,Pink,0
100,156,22,Green,1
76,125,48,Green,1
59,121,70,Green,1
186,37,140,Pink,0
13,146,186,Blue,0
152,205,156,Green,1
188,98,92,Red,0
196,95,70,Brown,0
60,173,78,Green,1
71,26,84,Purple,0
75,117,231,Blue,0
215,34,35,Red,0
222,152,17,Orange,0
93,53,242,Blue,0
102,58,25,Brown,0
176,241,227,Green,1
102,150,118,Green,1
66,252,188,Green,1
107,243,179,Green,1
63,180,159,Green,1
98,244,221,Green,1
110,24,158,Purple,0
208,178,216,Purple,0
183,89,250,Purple,0
167,138,168,Purple,0
126,9,149,Purple,0
84,22,215,Blue,0
90,70,133,Blue,0
66,36,185,Blue,0
214,66,248,Pink,0
235,101,240,Pink,0
231,217,31,Yellow,0
51,237,110,Green,1
251,129,41,Orange,0
219,11,135,Pink,0
30,161,234,Blue,0
14,64,238,Blue,0
182,197,244,Blue,0
146,25,48,Red,0
31,30,49,Black,0
55,251,28,Green,1
76,2,5,Brown,0
123,228,219,Blue,0
17,31,114,Blue,0
144,170,121,Green,1
8,50,51,Green,1
159,6,60,Red,0
140,139,148,Grey,0
218,90,88,Red,0
180,224,160,Green,1
172,65,159,Purple,0
27,203,177,Green,1
17,3,91,Blue,0
77,203,124,Green,1
122,185,144,Green,1
76,64,174,Blue,0
223,87,18,Orange,0
15,10,95,Blue,0
219,31,82,Red,0
25,226,139,Green,1
62,49,223,Blue,0
88,97,143,Blue,0
20,189,65,Green,1
217,19,62,Red,0
102,112,74,Green,1
128,24,125,Purple,0
203,233,33,Yellow,0
159,105,170,Purple,0
73,201,7,Green,1
173,136,31,Brown,0
137,17,229,Purple,0
69,145,224,Blue,0
2,198,230,Blue,0
227,4,75,Red,0
210,235,238,Blue,0
42,41,200,Blue,0
109,12,118,Purple,0
69,209,120,Green,1
158,169,224,Purple,0
193,1,20,Red,0
190,120,46,Brown,0
80,95,97,Grey,0
199,49,29,Red,0
77,127,12,Green,1
188,184,254,Purple,0
130,216,82,Green,1
121,161,101,Green,1
26,130,77,Green,1
57,8,239,Blue,0
32,52,2,Green,1
74,71,228,Blue,0
235,205,50,Yellow,0
6,167,6,Green,1
71,142,64,Green,1
190,29,127,Pink,0
66,121,125,Grey,0
74,10,116,Purple,0
104,217,49,Green,1
169,138,135,Brown,0
80,238,67,Green,1
116,207,224,Blue,0
253,102,17,Orange,0
43,166,96,Green,1
221,59,133,Pink,0
200,170,83,Brown,0
240,138,84,Orange,0
65,58,137,Blue,0
29,41,88,Blue,0
248,90,188,Pink,0
250,115,231,Pink,0
60,251,9,Green,1
95,242,185,Green,1
224,89,16,Orange,0
8,185,105,Green,1
24,244,187,Green,1
209,233,131,Green,1
3,60,186,Blue,0
187,14,240,Purple,0
234,128,236,Pink,0
121,181,156,Green,1
117,154,14,Green,1
154,10,106,Purple,0
247,111,184,Pink,0
33,81,47,Green,1
166,182,179,Grey,0
221,87,124,Pink,0
217,244,200,Green,1
156,36,50,Red,0
163,91,168,Purple,0
188,215,23,Green,1
220,18,46,Red,0
8,176,206,Blue,0
40,223,78,Green,1
129,247,163,Green,1
57,16,141,Blue,0
167,231,108,Green,1
99,231,223,Blue,0
46,251,107,Green,1
3,116,140,Blue,0
243,211,217,Pink,0
151,141,236,Purple,0
212,230,239,Grey,0
117,21,167,Purple,0
128,99,211,Purple,0
241,119,193,Pink,0
155,198,58,Green,1
133,70,121,Purple,0
95,235,144,Green,1
187,207,177,Green,1
78,116,208,Blue,0
163,140,98,Brown,0
94,109,110,Grey,0
93,80,140,Purple,0
200,29,207,Pink,0
87,220,123,Green,1
180,25,63,Red,0
117,210,62,Green,1
219,61,235,Pink,0
241,79,85,Red,0
105,1,81,Purple,0
237,110,6,Orange,0
130,237,144,Green,1
79,108,8,Green,1
54,50,162,Blue,0
211,139,46,Orange,0
187,54,80,Red,0
88,111,178,Blue,0
3,66,180,Blue,0
170,67,41,Brown,0
13,35,156,Blue,0
247,81,19,Orange,0
84,180,219,Blue,0
246,17,174,Pink,0
153,53,156,Purple,0
81,182,231,Blue,0
100,76,187,Purple,0
194,65,149,Pink,0
33,12,209,Blue,0
61,125,220,Blue,0
34,147,211,Blue,0
119,253,248,Blue,0
183,4,229,Purple,0
215,15,140,Pink,0
38,49,122,Blue,0
222,231,210,Green,1
234,146,147,Red,0
222,220,42,Yellow,0
207,232,57,Green,1
52,231,127,Green,1
51,211,236,Blue,0
102,193,87,Green,1
144,189,254,Blue,0
19,41,208,Blue,0
151,19,38,Red,0
108,39,243,Purple,0
201,171,114,Brown,0
56,191,175,Green,1
153,58,144,Purple,0
166,141,115,Brown,0
66,39,240,Blue,0
67,101,157,Blue,0
142,37,77,Red,0
162,193,154,Green,1
210,3,107,Pink,0
239,8,242,Pink,0
246,205,76,Yellow,0
100,190,123,Green,1
11,22,145,Blue,0
253,180,238,Pink,0
42,190,109,Green,1
36,179,116,Green,1
86,218,147,Green,1
228,170,197,Pink,0
178,9,225,Purple,0
155,6,189,Purple,0
112,205,221,Blue,0
215,87,139,Pink,0
72,123,126,Green,1
243,80,108,Red,0
121,80,79,Brown,0
191,40,74,Red,0
182,58,25,Brown,0
98,131,210,Blue,0
41,0,88,Blue,0
165,14,9,Brown,0
123,193,156,Green,1
60,218,219,Blue,0
243,115,49,Orange,0
6,8,55,Blue,0
223,40,105,Pink,0
133,245,196,Green,1
124,31,233,Blue,0
57,8,53,Purple,0
45,2,254,Blue,0
243,158,138,Red,0
149,180,78,Green,1
2,254,155,Green,1
45,240,151,Green,1
239,50,159,Pink,0
161,178,93,Green,1
167,103,239,Purple,0
98,134,9,Green,1
180,222,218,Green,1
214,99,147,Pink,0
77,176,248,Blue,0
154,228,59,Green,1
38,15,233,Blue,0
30,26,51,Black,0
184,79,189,Purple,0
119,220,209,Blue,0
212,192,167,Brown,0
113,107,101,Grey,0
216,149,243,Pink,0
137,178,193,Blue,0
167,10,69,Red,0
5,157,8,Green,1
152,110,143,Purple,0
207,99,139,Pink,0
206,207,0,Yellow,0
17,161,220,Blue,0
68,145,62,Green,1
222,220,238,Purple,0
70,185,234,Blue,0
160,254,154,Green,1
12,59,27,Green,1
72,91,229,Blue,0
114,222,92,Green,1
5,57,182,Blue,0
242,82,168,Pink,0
8,240,14,Green,1
147,226,98,Green,1
159,232,93,Green,1
69,188,219,Blue,0
6,194,94,Green,1
31,30,2,Brown,0
22,183,209,Blue,0
134,3,207,Purple,0
165,172,113,Green,1
218,39,4,Red,0
83,105,152,Blue,0
225,158,201,Pink,0
87,65,177,Blue,0
23,157,87,Green,1
124,30,141,Purple,0
202,51,168,Pink,0
129,58,138,Purple,0
177,89,149,Purple,0
75,52,209,Blue,0
151,170,241,Blue,0
8,78,174,Blue,0
239,209,96,Yellow,0
190,210,31,Green,1
117,243,232,Blue,0
241,99,2,Orange,0
172,93,250,Purple,0
102,61,245,Blue,0
42,39,164,Blue,0
126,8,100,Purple,0
96,182,215,Blue,0
186,196,69,Green,1
165,124,92,Brown,0
220,85,243,Pink,0
96,117,57,Green,1
177,151,103,Brown,0
18,45,79,Blue,0
110,197,6,Green,1
95,7,49,Purple,0
150,78,233,Purple,0
244,183,196,Pink,0
40,75,127,Blue,0
107,181,119,Green,1
176,212,128,Green,1
63,233,249,Blue,0
84,5,56,Purple,0
28,67,150,Blue,0
88,75,153,Blue,0
203,34,242,Pink,0
241,93,50,Orange,0
249,98,20,Orange,0
155,86,194,Purple,0
180,93,87,Brown,0
238,76,91,Red,0
133,153,86,Green,1
221,85,249,Pink,0
98,140,132,Green,1
176,212,33,Green,1
185,109,215,Purple,0
10,154,144,Green,1
18,220,64,Green,1
22,113,11,Green,1
133,232,229,Blue,0
160,246,132,Green,1
180,24,96,Pink,0
23,140,93,Green,1
182,111,149,Purple,0
44,171,115,Green,1
185,72,59,Brown,0
11,79,74,Green,1
152,43,108,Purple,0
73,134,65,Green,1
49,76,196,Blue,0
171,172,112,Green,1
178,142,35,Green,1
186,42,67,Red,0
61,231,230,Blue,0
9,67,92,Blue,0
122,162,121,Green,1
50,113,190,Blue,0
227,250,240,Green,1
131,2,111,Purple,0
181,93,205,Purple,0
63,44,174,Blue,0
134,117,181,Purple,0
222,61,182,Pink,0
230,14,87,Red,0
26,228,20,Green,1
246,213,107,Yellow,0
95,106,85,Grey,0
209,90,118,Pink,0
18,192,50,Green,1
106,144,165,Grey,0
94,222,47,Green,1
185,246,188,Green,1
17,84,242,Blue,0
155,173,249,Blue,0
79,168,30,Green,1
213,130,156,Pink,0
78,145,217,Blue,0
117,146,66,Green,1
9,178,213,Blue,0
185,240,70,Green,1
130,87,124,Purple,0
23,59,229,Blue,0
23,172,152,Green,1
136,53,28,Brown,0
28,9,4,Brown,0
192,223,66,Yellow,0
211,164,166,Pink,0
56,48,124,Blue,0
81,129,72,Green,1
57,252,77,Green,1
137,167,7,Green,1
98,55,36,Brown,0
105,36,1,Brown,0
126,243,164,Green,1
248,18,253,Pink,0
137,171,143,Green,1
109,61,109,Purple,0
204,61,253,Pink,0
141,244,244,Blue,0
53,205,95,Green,1
247,141,126,Red,0
236,80,100,Red,0
54,58,176,Blue,0
55,119,99,Green,1
54,100,55,Green,1
72,231,238,Blue,0
88,36,88,Purple,0
245,98,242,Pink,0
118,246,121,Green,1
203,79,213,Purple,0
70,39,195,Blue,0
48,97,67,Green,1
223,63,186,Pink,0
240,249,177,Yellow,0
93,0,46,Brown,0
17,206,238,Blue,0
96,22,126,Purple,0
72,228,184,Green,1
112,158,244,Blue,0
127,23,32,Brown,0
201,235,7,Yellow,0
128,21,104,Purple,0
44,26,217,Blue,0
77,97,243,Blue,0
89,24,205,Blue,0
102,64,215,Blue,0
249,228,246,Pink,0
164,43,220,Purple,0
176,75,30,Brown,0
106,75,190,Purple,0
108,223,227,Blue,0
150,239,1,Green,1
207,89,231,Pink,0
19,149,239,Blue,0
7,100,30,Green,1
205,137,120,Brown,0
26,196,145,Green,1
164,237,236,Blue,0
153,82,100,Brown,0
138,65,5,Brown,0
185,26,81,Red,0
141,70,237,Purple,0
19,149,211,Blue,0
189,233,248,Blue,0
132,174,96,Green,1
213,146,11,Orange,0
130,213,253,Blue,0
3,132,102,Green,1
174,201,158,Green,1
43,66,57,Green,1
174,64,125,Pink,0
188,23,46,Red,0
238,22,88,Red,0
52,150,220,Blue,0
194,234,150,Green,1
26,227,37,Green,1
44,115,80,Green,1
198,135,22,Orange,0
40,186,238,Blue,0
226,70,112,Red,0
208,170,31,Yellow,0
80,157,208,Blue,0
48,144,253,Blue,0
120,166,44,Green,1
109,175,89,Green,1
23,89,223,Blue,0
116,129,31,Green,1
207,47,107,Pink,0
226,147,80,Orange,0
195,19,178,Pink,0
118,126,188,Blue,0
131,129,93,Brown,0
252,11,175,Pink,0
16,31,131,Blue,0
150,23,109,Purple,0
154,24,164,Purple,0
2,154,92,Green,1
136,201,108,Green,1
17,94,86,Green,1
170,196,226,Blue,0
242,246,185,Yellow,0
130,161,24,Green,1
122,188,73,Green,1
17,37,146,Blue,0
95,161,39,Green,1
108,230,167,Green,1
125,137,125,Grey,0
15,209,213,Blue,0
161,60,112,Purple,0
79,18,224,Blue,0
98,192,75,Green,1
114,18,105,Purple,0
95,133,123,Grey,0
143,153,202,Blue,0
217,124,186,Pink,0
251,117,28,Orange,0
65,20,242,Blue,0
224,213,178,Grey,0
23,83,91,Blue,0
81,244,184,Green,1
176,172,70,Green,1
187,198,139,Green,1
52,160,162,Green,1
245,147,171,Pink,0
46,139,71,Green,1
230,184,141,Brown,0
169,143,116,Brown,0
54,207,118,Green,1
117,98,42,Brown,0
232,25,149,Pink,0
121,254,2,Green,1
105,17,44,Brown,0
53,244,168,Green,1
106,110,120,Grey,0
65,5,219,Blue,0
125,221,128,Green,1
85,24,70,Purple,0
231,57,86,Red,0
158,150,168,Grey,0
174,138,55,Brown,0
222,10,45,Red,0
4,55,191,Blue,0
200,127,191,Pink,0
1,132,68,Green,1
244,91,121,Red,0
80,156,48,Green,1
192,217,57,Green,1
244,210,186,Orange,0
46,160,80,Green,1
165,252,169,Green,1
182,114,145,Purple,0
136,25,129,Purple,0
226,22,8,Red,0
52,161,14,Green,1
238,84,150,Pink,0
154,146,130,Grey,0
138,48,233,Purple,0
65,134,34,Green,1
5,223,36,Green,1
93,160,165,Blue,0
234,0,200,Pink,0
68,102,0,Green,1
87,237,62,Green,1
160,143,196,Purple,0
44,39,238,Blue,0
167,110,135,Purple,0
219,112,158,Pink,0
128,215,115,Green,1
141,137,26,Green,1
154,176,168,Grey,0
95,65,156,Purple,0
123,97,175,Purple,0
223,201,101,Yellow,0
29,233,228,Blue,0
65,183,210,Blue,0
136,37,81,Purple,0
107,92,64,Brown,0
69,127,104,Green,1
144,14,250,Purple,0
62,192,61,Green,1
148,213,72,Green,1
122,169,90,Green,1
151,33,123,Purple,0
243,144,64,Orange,0
70,216,102,Green,1
238,179,26,Yellow,0
90,136,164,Blue,0
169,10,58,Red,0
198,92,215,Pink,0
178,99,200,Purple,0
187,243,219,Green,1
171,162,91,Green,1
39,63,204,Blue,0
166,189,44,Green,1
165,57,234,Purple,0
228,207,210,Grey,0
156,108,188,Purple,0
52,236,137,Green,1
87,231,62,Green,1
122,118,182,Blue,0
151,2,130,Purple,0
225,41,84,Red,0
245,67,222,Pink,0
77,151,193,Blue,0
190,134,46,Brown,0
34,20,193,Blue,0
72,219,39,Green,1
52,74,139,Blue,0
27,223,203,Blue,0
73,154,10,Green,1
193,61,67,Red,0
162,82,191,Purple,0
200,76,181,Pink,0
198,137,245,Purple,0
23,143,86,Green,1
140,252,20,Green,1
171,202,92,Green,1
92,171,112,Green,1
83,77,94,Grey,0
106,211,78,Green,1
162,4,242,Purple,0
172,30,89,Red,0
147,175,192,Grey,0
87,227,44,Green,1
28,26,74,Blue,0
71,149,158,Blue,0
70,138,184,Blue,0
117,235,59,Green,1
103,207,164,Green,1
184,165,227,Purple,0
227,226,78,Yellow,0
149,170,177,Grey,0
50,210,213,Blue,0
55,159,167,Blue,0
46,139,146,Blue,0
203,25,69,Red,0
65,208,86,Green,1
139,20,229,Purple,0
45,220,33,Green,1
40,113,108,Green,1
170,228,159,Green,1
170,240,237,Blue,0
46,132,217,Blue,0
167,177,42,Yellow,0
224,187,214,Pink,0
20,192,158,Green,1
74,91,134,Blue,0
137,72,21,Brown,0
88,225,182,Green,1
66,247,87,Green,1
246,83,173,Pink,0
216,107,254,Pink,0
159,145,245,Blue,0
123,2,184,Purple,0
69,15,165,Blue,0
129,109,27,Brown,0
93,169,15,Green,1
162,59,15,Brown,0
216,253,135,Yellow,0
159,154,2,Green,1
170,122,66,Brown,0
198,157,234,Purple,0
216,37,1,Red,0
78,88,11,Green,1
243,141,232,Pink,0
176,207,27,Green,1
75,146,244,Blue,0
92,187,210,Blue,0
178,228,185,Green,1
181,240,51,Green,1
54,227,43,Green,1
150,76,43,Brown,0
60,54,141,Blue,0
248,241,201,Yellow,0
84,28,88,Purple,0
230,86,244,Pink,0
189,85,242,Purple,0
142,163,90,Green,1
23,225,144,Green,1
219,179,162,Brown,0
213,157,24,Orange,0
179,241,118,Green,1
49,56,139,Blue,0
74,43,216,Blue,0
102,237,215,Blue,0
105,4,50,Brown,0
89,90,176,Blue,0
54,24,98,Blue,0
38,224,56,Green,1
206,248,30,Green,1
158,185,19,Green,1
221,116,63,Orange,0
9,212,40,Green,1
184,49,202,Purple,0
223,189,189,Grey,0
74,219,178,Green,1
52,208,76,Green,1
157,244,71,Green,1
254,209,216,Pink,0
122,196,240,Blue,0
223,157,205,Purple,0
34,18,176,Blue,0
54,89,226,Blue,0
99,194,230,Blue,0
137,248,186,Green,1
66,49,81,Black,0
235,165,7,Orange,0
201,187,127,Grey,0
228,233,70,Yellow,0
6,159,242,Blue,0
81,25,86,Purple,0
112,239,33,Green,1
131,219,34,Green,1
120,57,31,Brown,0
29,135,239,Blue,0
213,247,132,Green,1
185,98,173,Pink,0
150,156,213,Blue,0
180,121,193,Purple,0
189,200,187,Grey,0
247,162,39,Orange,0
25,4,207,Blue,0
56,166,38,Green,1
29,209,59,Green,1
29,201,211,Blue,0
190,186,71,Green,1
119,138,128,Grey,0
202,168,121,Brown,0
86,248,52,Green,1
62,216,249,Blue,0
215,144,27,Orange,0
77,131,144,Blue,0
25,117,240,Blue,0
40,51,141,Blue,0
225,121,163,Pink,0
157,156,2,Green,1
129,81,217,Purple,0
154,188,253,Blue,0
16,152,89,Green,1
52,115,187,Blue,0
95,129,243,Blue,0
164,178,187,Grey,0
96,95,8,Green,1
83,135,5,Green,1
98,44,76,Purple,0
132,181,147,Green,1
158,213,187,Green,1
90,116,160,Blue,0
160,137,73,Brown,0
73,22,211,Blue,0
91,30,24,Brown,0
202,50,35,Red,0
23,8,102,Blue,0
220,16,51,Red,0
22,30,249,Blue,0
168,17,222,Purple,0
169,24,80,Red,0
57,209,38,Green,1
55,1,2,Brown,0
127,53,69,Brown,0
114,24,32,Brown,0
193,98,207,Pink,0
88,134,6,Green,1
110,141,238,Blue,0
85,172,165,Green,1
144,17,187,Purple,0
40,28,29,Black,0
197,16,198,Purple,0
239,250,204,Yellow,0
167,233,242,Blue,0
84,56,104,Purple,0
34,230,206,Blue,0
174,131,123,Brown,0
23,18,242,Blue,0
254,33,129,Pink,0
107,198,98,Green,1
147,118,80,Brown,0
170,124,243,Purple,0
252,151,172,Pink,0
127,186,117,Green,1
64,166,100,Green,1
202,211,236,Grey,0
134,208,197,Green,1
83,8,154,Blue,0
0,125,16,Green,1
223,121,182,Pink,0
166,124,190,Purple,0
154,212,210,Blue,0
122,81,226,Purple,0
139,230,40,Green,1
60,159,27,Green,1
219,145,131,Orange,0
37,152,149,Blue,0
98,118,236,Blue,0
235,69,117,Pink,0
150,55,36,Brown,0
39,244,173,Green,1
169,9,40,Red,0
253,144,27,Orange,0
106,138,215,Blue,0
110,199,202,Green,1
253,165,164,Red,0
20,224,99,Green,1
90,177,236,Blue,0
57,12,90,Purple,0
118,249,153,Green,1
42,221,57,Green,1
16,246,35,Green,1
60,73,91,Grey,0
205,17,180,Purple,0
213,169,56,Yellow,0
146,164,80,Green,1
86,76,42,Brown,0
193,6,200,Pink,0
149,151,166,Grey,0
127,86,106,Brown,0
109,48,57,Brown,0
20,147,13,Green,1
13,112,247,Blue,0
22,34,23,Black,0
37,172,226,Blue,0
47,234,34,Green,1
122,218,202,Green,1
96,142,6,Green,1
148,190,177,Grey,0
120,39,241,Purple,0
74,82,113,Grey,0
44,4,62,Purple,0
154,124,203,Purple,0
154,12,21,Red,0
209,88,154,Pink,0
96,187,119,Green,1
145,118,113,Brown,0
148,204,228,Blue,0
203,15,197,Pink,0
66,135,188,Blue,0
94,209,155,Green,1
83,59,210,Blue,0
6,122,174,Blue,0
20,144,63,Green,1
73,180,157,Green,1
194,31,173,Pink,0
214,109,185,Pink,0
232,240,212,White,0
39,237,201,Green,1
109,92,190,Purple,0
141,30,45,Brown,0
205,230,126,Yellow,0
229,32,182,Pink,0
111,214,53,Green,1
178,209,125,Green,1
44,94,70,Green,1
182,202,225,Grey,0
119,228,86,Green,1
184,9,175,Purple,0
126,178,198,Blue,0
60,36,32,Brown,0
159,228,24,Green,1
218,134,15,Orange,0
48,219,6,Green,1
72,83,162,Blue,0
118,233,194,Green,1
127,76,201,Purple,0
63,136,177,Blue,0
29,194,43,Green,1
248,51,68,Red,0
14,51,90,Blue,0
117,109,65,Grey,0
137,164,146,Grey,0
240,186,56,Orange,0
166,206,59,Green,1
158,220,103,Green,1
151,87,106,Brown,0
23,23,128,Blue,0
122,218,114,Green,1
1,64,10,Green,1
162,194,204,Grey,0
105,220,242,Blue,0
218,122,207,Pink,0
14,78,212,Blue,0
157,213,161,Green,1
38,179,21,Green,1
57,65,9,Green,1
33,197,76,Green,1
105,34,192,Purple,0
130,41,162,Purple,0
186,39,148,Pink,0
86,236,35,Green,1
229,242,104,Yellow,0
159,166,91,Green,1
2,172,150,Blue,0
121,182,116,Green,1
221,188,116,Yellow,0
42,78,112,Blue,0
109,209,240,Blue,0
163,54,21,Brown,0
86,34,199,Blue,0
142,192,212,Blue,0
252,198,150,Orange,0
144,132,153,Grey,0
77,46,12,Brown,0
58,246,173,Green,1
228,64,55,Red,0
60,231,18,Green,1
55,99,233,Blue,0
113,206,205,Blue,0
42,230,26,Green,1
8,82,79,Green,1
72,243,220,Green,1
150,139,191,Purple,0
146,99,178,Purple,0
187,214,141,Green,1
226,143,149,Red,0
103,100,201,Blue,0
141,130,97,Grey,0
252,159,168,Red,0
253,170,95,Orange,0
191,63,117,Pink,0
216,161,2,Yellow,0
208,203,203,Grey,0
16,229,246,Blue,0
89,242,159,Green,1
56,145,155,Blue,0
57,186,248,Blue,0
119,22,188,Purple,0
83,7,84,Purple,0
216,119,96,Orange,0
219,58,225,Pink,0
185,52,44,Red,0
109,117,4,Green,1
157,136,65,Brown,0
218,210,23,Yellow,0
162,97,217,Purple,0
38,113,8,Green,1
83,222,70,Green,1
94,22,89,Purple,0
179,46,13,Red,0
222,52,210,Pink,0
19,34,223,Blue,0
121,186,236,Blue,0
23,182,45,Green,1
244,188,53,Orange,0
252,188,44,Orange,0
140,53,72,Brown,0
213,122,167,Pink,0
42,61,155,Blue,0
28,86,47,Green,1
182,27,248,Purple,0
195,90,69,Brown,0
205,65,12,Red,0
38,72,135,Blue,0
93,18,167,Purple,0
190,112,232,Pink,0
254,188,252,Pink,0
76,68,217,Blue,0
229,44,4,Red,0
18,231,52,Green,1
42,163,45,Green,1
203,40,161,Purple,0
181,87,55,Brown,0
132,83,175,Purple,0
189,225,173,Green,1
137,236,222,Green,1
5,68,238,Blue,0
99,170,128,Green,1
15,230,195,Green,1
110,45,72,Brown,0
90,95,69,Grey,0
149,195,58,Green,1
151,176,5,Green,1
29,57,251,Blue,0
122,117,79,Grey,0
252,4,217,Pink,0
188,69,250,Purple,0
199,135,66,Brown,0
162,94,65,Brown,0
180,21,102,Pink,0
12,47,90,Blue,0
4,139,78,Green,1
37,166,203,Blue,0
103,13,198,Purple,0
63,232,126,Green,1
62,236,129,Green,1
124,39,124,Purple,0
97,227,186,Green,1
166,15,93,Pink,0
72,177,94,Green,1
221,205,218,Grey,0
9,188,91,Green,1
100,227,214,Blue,0
235,253,38,Yellow,0
105,248,132,Green,1
114,184,225,Blue,0
172,107,134,Brown,0
95,148,239,Blue,0
21,144,249,Blue,0
121,169,114,Green,1
135,133,53,Green,1
28,11,115,Blue,0
185,73,68,Red,0
150,195,187,Grey,0
121,185,174,Green,1
46,201,248,Blue,0
24,251,225,Green,1
128,35,112,Purple,0
227,90,219,Pink,0
118,173,193,Blue,0
84,62,22,Brown,0
109,79,206,Purple,0
174,238,141,Green,1
129,216,222,Blue,0
24,7,195,Blue,0
48,42,253,Blue,0
70,73,128,Blue,0
125,127,36,Green,1
112,243,206,Green,1
222,223,112,Yellow,0
235,153,98,Orange,0
162,201,155,Green,1
150,90,23,Brown,0
149,210,26,Green,1
113,103,185,Purple,0
233,117,145,Pink,0
112,175,202,Blue,0
102,20,217,Blue,0
128,56,137,Purple,0
30,135,48,Green,1
239,46,113,Red,0
202,82,138,Pink,0
244,222,11,Yellow,0
24,35,22,Black,0
67,175,229,Blue,0
105,133,162,Grey,0
189,77,99,Red,0
168,14,65,Red,0
175,60,139,Purple,0
249,198,137,Orange,0
145,113,99,Brown,0
110,40,249,Blue,0
132,110,19,Green,1
33,211,198,Green,1
56,68,178,Blue,0
128,204,139,Green,1
208,209,252,Blue,0
219,230,205,Grey,0
61,206,223,Blue,0
180,7,8,Red,0
86,169,221,Blue,0
55,49,5,Brown,0
21,67,97,Blue,0
229,46,176,Pink,0
9,37,58,Black,0
90,35,132,Purple,0
235,167,182,Pink,0
189,202,139,Green,1
173,214,184,Green,1
33,2,103,Blue,0
199,164,199,Purple,0
106,50,35,Brown,0
163,214,122,Green,1
174,105,148,Purple,0
138,159,49,Green,1
129,158,23,Green,1
228,148,207,Pink,0
245,146,240,Pink,0
186,16,14,Red,0
190,89,168,Pink,0
114,54,116,Purple,0
83,216,166,Green,1
61,76,227,Blue,0
178,215,98,Green,1
63,115,142,Blue,0
254,59,17,Orange,0
157,105,149,Purple,0
131,53,231,Purple,0
91,20,89,Purple,0
103,24,212,Blue,0
116,178,84,Green,1
59,176,51,Green,1
44,83,131,Blue,0
131,253,68,Green,1
179,187,112,Green,1
86,131,247,Blue,0
162,170,173,Grey,0
129,227,54,Green,1
22,241,180,Green,1
45,155,174,Blue,0
64,216,253,Blue,0
155,2,122,Purple,0
238,100,167,Pink,0
240,37,12,Red,0
135,238,191,Green,1
1,187,28,Green,1
70,85,167,Blue,0
150,5,48,Brown,0
221,212,162,Brown,0
152,212,202,Green,1
44,211,148,Green,1
51,193,130,Green,1
106,104,244,Blue,0
15,53,157,Blue,0
66,164,191,Blue,0
219,169,9,Orange,0
230,161,233,Pink,0
112,9,205,Purple,0
18,162,93,Green,1
88,163,50,Green,1
65,214,3,Green,1
190,132,64,Brown,0
8,172,166,Blue,0
101,172,244,Blue,0
180,109,143,Pink,0
212,245,31,Yellow,0
38,95,199,Blue,0
235,121,245,Pink,0
158,9,244,Purple,0
70,48,24,Brown,0
14,23,48,Black,0
224,27,67,Red,0
37,89,145,Blue,0
129,118,202,Blue,0
97,120,27,Green,1
9,75,174,Blue,0
153,147,49,Green,1
52,30,107,Blue,0
130,73,33,Brown,0
50,238,36,Green,1
209,165,118,Brown,0
39,234,218,Blue,0
89,148,57,Green,1
144,169,249,Blue,0
95,219,161,Green,1
53,80,149,Blue,0
239,221,110,Yellow,0
222,243,154,Green,1
241,51,99,Red,0
23,126,174,Blue,0
12,201,236,Blue,0
180,116,51,Brown,0
181,244,156,Green,1
133,83,14,Brown,0
17,39,123,Blue,0
34,235,161,Green,1
226,115,45,Orange,0
85,152,92,Green,1
234,253,64,Yellow,0
79,226,43,Green,1
118,218,123,Green,1
131,165,15,Green,1
164,131,253,Purple,0
24,38,64,Black,0
53,102,194,Blue,0
196,81,208,Pink,0
227,113,107,Orange,0
208,211,132,Yellow,0
123,197,181,Green,1
222,148,154,Red,0
91,241,209,Green,1
55,170,104,Green,1
102,173,243,Blue,0
19,170,4,Green,1
185,125,30,Brown,0
223,176,136,Brown,0
107,9,42,Brown,0
228,106,35,Orange,0
36,157,196,Blue,0
156,194,46,Green,1
145,1,253,Purple,0
125,157,28,Green,1
22,177,26,Green,1
119,207,155,Green,1
219,79,154,Pink,0
105,229,210,Green,1
238,102,226,Pink,0
164,65,76,Brown,0
185,236,128,Green,1
124,39,35,Brown,0
185,4,76,Red,0
119,51,145,Purple,0
253,8,81,Red,0
22,99,131,Blue,0
91,75,72,Brown,0
223,194,170,Brown,0
215,129,114,Brown,0
137,238,174,Green,1
218,29,37,Red,0
175,184,216,Blue,0
228,64,88,Red,0
68,224,69,Green,1
80,20,161,Blue,0
162,183,153,Green,1
156,13,118,Purple,0
252,136,167,Pink,0
167,32,199,Purple,0
13,138,223,Blue,0
108,161,225,Blue,0
118,181,67,Green,1
214,223,224,Grey,0
136,8,149,Purple,0
249,109,47,Orange,0
209,149,124,Brown,0
38,181,219,Blue,0
221,19,183,Purple,0
199,38,26,Red,0
123,248,212,Green,1
223,128,58,Orange,0
70,79,194,Blue,0
152,240,120,Green,1
154,25,126,Purple,0
51,247,229,Green,1
220,117,42,Orange,0
230,72,138,Pink,0
77,252,50,Green,1
137,172,254,Blue,0
173,175,78,Green,1
135,54,60,Brown,0
0,241,56,Green,1
15,29,75,Blue,0
237,140,216,Pink,0
234,43,221,Pink,0
38,139,44,Green,1
205,82,83,Red,0
45,198,40,Green,1
169,68,106,Pink,0
165,168,34,Green,1
99,151,127,Green,1
245,217,78,Yellow,0
201,155,143,Brown,0
58,179,202,Blue,0
98,55,218,Blue,0
20,110,160,Blue,0
42,8,85,Blue,0
2,184,50,Green,1
72,60,249,Blue,0
84,139,176,Blue,0
97,11,136,Purple,0
224,199,1,Yellow,0
143,132,11,Green,1
44,167,63,Green,1
20,182,198,Blue,0
35,195,133,Green,1
159,47,181,Purple,0
233,71,87,Red,0
218,115,114,Red,0
104,42,222,Blue,0
2,124,174,Blue,0
87,17,243,Blue,0
207,161,35,Yellow,0
78,100,100,Grey,0
8,61,67,Green,1
132,244,146,Green,1
57,110,8,Green,1
158,40,156,Purple,0
169,91,237,Pink,0
83,53,160,Blue,0
67,199,175,Green,1
157,128,232,Blue,0
124,45,129,Purple,0
199,37,242,Pink,0
230,171,202,Pink,0
23,53,187,Blue,0
209,144,163,Pink,0
246,219,235,Pink,0
75,1,77,Purple,0
194,78,113,Red,0
37,194,141,Green,1
109,10,46,Brown,0
75,50,187,Blue,0
80,202,195,Green,1
51,219,239,Blue,0
184,195,48,Yellow,0
142,48,104,Purple,0
57,106,55,Green,1
134,28,14,Brown,0
38,43,176,Blue,0
140,14,224,Purple,0
18,228,159,Green,1
177,201,7,Green,1
48,119,92,Green,1
35,166,151,Green,1
249,0,209,Pink,0
235,222,57,Yellow,0
184,40,247,Purple,0
215,43,231,Pink,0
224,63,167,Pink,0
102,252,124,Green,1
191,116,25,Brown,0
223,36,62,Red,0
208,115,205,Pink,0
161,157,63,Green,1
73,170,228,Blue,0
190,59,192,Purple,0
50,217,174,Green,1
127,234,154,Green,1
145,243,68,Green,1
90,211,38,Green,1
2,165,26,Green,1
116,72,123,Purple,0
164,13,82,Red,0
28,103,163,Blue,0
239,41,160,Pink,0
210,7,192,Pink,0
33,170,114,Green,1
235,247,22,Yellow,0
29,89,201,Blue,0
201,147,51,Brown,0
187,86,93,Brown,0
72,160,172,Blue,0
138,130,172,Blue,0
6,57,52,Green,1
207,236,163,Green,1
151,131,63,Green,1
161,4,13,Red,0
64,175,124,Green,1
103,121,17,Green,1
117,84,42,Brown,0
165,94,68,Brown,0
135,206,156,Green,1
236,63,69,Red,0
83,34,56,Brown,0
203,145,192,Pink,0
114,172,192,Blue,0
222,130,211,Pink,0
132,83,97,Brown,0
42,254,23,Green,1
102,223,225,Blue,0
50,49,39,Black,0
110,163,88,Green,1
143,78,9,Brown,0
5,5,13,Black,0
82,71,139,Blue,0
62,56,86,Blue,0
225,61,177,Pink,0
219,182,121,Brown,0
50,24,202,Blue,0
182,51,91,Red,0
188,90,124,Red,0
21,98,135,Blue,0
201,51,203,Pink,0
75,203,174,Green,1
195,108,18,Orange,0
30,72,125,Blue,0
89,180,187,Blue,0
37,173,143,Green,1
53,170,142,Green,1
10,110,118,Green,1
73,76,243,Blue,0
160,52,29,Brown,0
164,181,204,Blue,0
236,148,126,Orange,0
102,161,127,Green,1
207,140,138,Brown,0
252,123,207,Pink,0
97,173,254,Blue,0
54,126,29,Green,1
14,72,7,Green,1
70,111,148,Blue,0
149,97,127,Purple,0
149,224,105,Green,1
130,50,154,Purple,0
105,207,152,Green,1
141,214,206,Green,1
39,175,133,Green,1
172,223,137,Green,1
248,226,197,Orange,0
142,178,2,Green,1
238,187,161,Orange,0
130,149,154,Grey,0
233,126,104,Orange,0
149,109,5,Yellow,0
201,173,49,Yellow,0
35,121,220,Blue,0
104,96,110,Grey,0
120,117,167,Blue,0
4,240,179,Green,1
224,176,133,Brown,0
0,177,192,Blue,0
159,248,9,Green,1
219,183,137,Brown,0
97,169,198,Blue,0
197,75,132,Pink,0
249,27,188,Pink,0
101,176,86,Green,1
106,223,19,Green,1
54,240,180,Green,1
19,47,224,Blue,0
225,20,140,Pink,0
184,200,164,Grey,0
249,233,10,Yellow,0
135,202,104,Green,1
21,212,103,Green,1
251,195,148,Orange,0
34,85,216,Blue,0
50,213,13,Green,1
187,197,223,Blue,0
80,239,61,Green,1
5,180,204,Blue,0
148,25,167,Purple,0
233,26,179,Pink,0
143,152,131,Grey,0
109,207,249,Blue,0
100,48,226,Blue,0
232,105,219,Pink,0
142,22,201,Purple,0
206,178,16,Yellow,0
166,185,38,Green,1
150,95,211,Purple,0
88,177,62,Green,1
6,186,198,Blue,0
122,176,158,Grey,0
134,12,245,Purple,0
85,143,234,Blue,0
247,41,136,Pink,0
252,225,172,Yellow,0
150,122,190,Blue,0
54,112,87,Green,1
45,22,107,Blue,0
4,115,45,Green,1
239,195,73,Yellow,0
80,215,10,Green,1
158,9,106,Purple,0
29,9,210,Blue,0
135,202,57,Green,1
46,178,202,Blue,0
57,92,33,Green,1
240,120,152,Pink,0
131,161,56,Green,1
162,159,216,Blue,0
68,99,172,Blue,0
5,94,187,Blue,0
212,79,124,Pink,0
60,141,239,Blue,0
176,105,69,Brown,0
171,208,227,Blue,0
160,10,179,Purple,0
39,215,159,Green,1
12,183,170,Green,1
1,70,113,Blue,0
62,169,29,Green,1
211,239,47,Yellow,0
136,217,164,Green,1
219,181,60,Orange,0
63,203,139,Green,1
179,148,211,Purple,0
216,96,179,Pink,0
241,186,75,Orange,0
60,75,217,Blue,0
32,194,23,Green,1
105,40,24,Brown,0
156,85,64,Brown,0
39,40,33,Black,0
196,230,7,Yellow,0
53,6,204,Blue,0
201,13,169,Pink,0
56,21,170,Blue,0
163,245,72,Green,1
1,83,229,Blue,0
56,14,103,Purple,0
157,34,109,Pink,0
202,216,4,Yellow,0
129,115,166,Blue,0
189,6,121,Pink,0
39,247,180,Green,1
46,59,105,Blue,0
16,195,178,Green,1
204,30,107,Red,0
53,214,189,Green,1
152,74,178,Purple,0
78,16,43,Brown,0
18,149,80,Green,1
186,121,235,Purple,0
230,22,139,Pink,0
82,112,61,Green,1
197,192,164,Grey,0
9,150,93,Green,1
56,55,168,Blue,0
139,46,141,Purple,0
176,59,103,Pink,0
233,194,130,Yellow,0
178,98,130,Purple,0
215,173,31,Yellow,0
40,183,107,Green,1
126,26,74,Purple,0
35,208,254,Blue,0
151,212,63,Green,1
218,68,232,Pink,0
147,202,52,Green,1
248,88,89,Orange,0
42,25,115,Blue,0
5,77,250,Blue,0
199,74,118,Pink,0
181,38,88,Red,0
20,63,62,Green,1
77,60,60,Grey,0
107,250,65,Green,1
187,159,181,Blue,0
89,147,228,Blue,0
148,46,116,Purple,0
29,45,157,Blue,0
22,110,149,Blue,0
46,146,114,Green,1
77,88,135,Blue,0
164,63,206,Purple,0
69,42,138,Blue,0
204,86,66,Orange,0
97,181,132,Green,1
213,28,59,Red,0
208,206,14,Yellow,0
7,241,108,Green,1
47,28,154,Blue,0
66,170,223,Blue,0
15,54,124,Blue,0
89,48,254,Blue,0
7,221,204,Green,1
49,71,185,Blue,0
35,217,126,Green,1
65,48,191,Blue,0
157,48,38,Brown,0
180,41,65,Red,0
246,152,186,Pink,0
21,75,88,Green,1
146,101,171,Purple,0
33,66,222,Blue,0
220,245,111,Yellow,0
106,83,252,Blue,0
196,45,74,Red,0
92,62,187,Blue,0
87,160,186,Blue,0
7,180,143,Green,1
59,171,203,Blue,0
7,42,125,Blue,0
196,151,67,Yellow,0
69,100,132,Blue,0
170,15,181,Pink,0
197,6,75,Red,0
115,84,230,Blue,0
203,115,70,Orange,0
126,97,152,Blue,0
236,64,81,Red,0
56,222,251,Blue,0
185,217,247,Blue,0
99,68,115,Purple,0
4,192,10,Green,1
80,200,157,Green,1
4,161,179,Blue,0
120,112,58,Brown,0
104,153,93,Green,1
179,123,19,Orange,0
185,101,48,Orange,0
235,122,171,Pink,0
107,41,26,Brown,0
45,140,174,Blue,0
104,29,160,Purple,0
243,147,225,Pink,0
28,128,154,Blue,0
83,194,34,Green,1
221,235,185,Yellow,0
67,155,5,Green,1
209,144,76,Orange,0
218,227,151,Yellow,0
254,0,188,Pink,0
54,9,125,Blue,0
2,57,28,Green,1
226,87,50,Orange,0
26,47,191,Blue,0
252,61,95,Red,0
245,88,221,Pink,0
168,29,112,Pink,0
67,158,238,Blue,0
147,3,30,Red,0
28,85,179,Blue,0
9,199,223,Blue,0
159,197,6,Green,1
14,244,133,Green,1
112,134,29,Green,1
213,237,85,Yellow,0
180,166,6,Yellow,0
193,203,232,Blue,0
42,215,218,Blue,0
108,115,78,Grey,0
59,2,26,Brown,0
191,44,95,Pink,0
50,248,20,Green,1
123,179,42,Green,1
246,115,115,Red,0
91,197,240,Blue,0
184,181,152,Grey,0
139,54,240,Purple,0
234,143,213,Pink,0
244,54,238,Pink,0
227,240,195,Yellow,0
124,149,168,Blue,0
98,102,136,Blue,0
83,117,70,Green,1
148,246,49,Green,1
222,238,133,Yellow,0
22,102,11,Green,1
191,250,252,Blue,0
204,127,210,Pink,0
77,98,202,Blue,0
59,139,124,Green,1
142,69,94,Red,0
91,116,54,Green,1
44,156,25,Green,1
41,87,92,Blue,0
67,28,216,Blue,0
23,123,106,Green,1
93,188,64,Green,1
122,183,184,Blue,0
220,66,52,Red,0
46,47,138,Blue,0
4,222,240,Blue,0
197,98,236,Pink,0
54,48,151,Blue,0
140,53,75,Red,0
22,158,153,Blue,0
104,214,190,Green,1
208,234,81,Yellow,0
93,133,89,Green,1
213,152,13,Orange,0
145,80,182,Purple,0
169,245,240,Blue,0
145,242,172,Green,1
43,40,69,Blue,0
62,231,14,Green,1
189,145,236,Pink,0
155,145,86,Yellow,0
101,225,73,Green,1
84,52,12,Brown,0
10,208,185,Blue,0
103,57,229,Blue,0
81,238,221,Blue,0
65,156,4,Green,1
167,8,108,Pink,0
192,28,2,Red,0
190,76,104,Pink,0
59,75,146,Blue,0
18,141,173,Blue,0
154,244,93,Yellow,0
200,75,168,Pink,0
76,26,4,Brown,0
130,29,239,Purple,0
236,48,119,Pink,0
75,242,154,Green,1
187,42,49,Red,0
178,234,222,Blue,0
4,35,8,Green,1
156,178,241,Blue,0
121,41,213,Purple,0
85,54,212,Blue,0
30,13,225,Blue,0
111,2,142,Purple,0
80,244,186,Green,1
78,236,28,Green,1
156,84,194,Pink,0
151,2,221,Purple,0
78,33,45,Brown,0
252,17,137,Pink,0
220,54,126,Pink,0
245,10,83,Red,0
135,13,94,Pink,0
150,79,176,Purple,0
147,178,166,Green,1
202,53,78,Red,0
53,155,100,Green,1
35,175,221,Blue,0
76,222,159,Green,1
165,226,40,Yellow,0
217,122,209,Pink,0
19,249,140,Green,1
252,154,131,Orange,0
174,254,185,Green,1
153,71,178,Purple,0
231,214,95,Yellow,0
1,122,251,Blue,0
170,97,205,Purple,0
204,234,179,Yellow,0
66,184,240,Blue,0
91,6,244,Blue,0
99,65,0,Brown,0
190,13,216,Pink,0
123,119,223,Blue,0
36,154,98,Green,1
235,29,63,Red,0
67,23,182,Blue,0
110,78,144,Purple,0
223,202,60,Yellow,0
177,231,238,Blue,0
248,14,14,Red,0
216,223,207,White,0
72,212,189,Blue,0
77,130,76,Green,1
88,9,114,Purple,0
21,207,230,Blue,0
37,182,233,Blue,0
73,60,56,Brown,0
117,144,58,Green,1
248,182,91,Yellow,0
104,31,223,Blue,0
52,106,32,Green,1
224,39,161,Pink,0
137,190,253,Blue,0
9,51,55,Green,1
65,82,244,Blue,0
117,146,100,Green,1
224,45,55,Red,0
232,26,83,Red,0
106,165,7,Green,1
177,27,168,Pink,0
99,54,33,Brown,0
116,158,220,Blue,0
216,22,161,Pink,0
237,97,144,Pink,0
233,100,1,Orange,0
113,118,244,Blue,0
36,88,245,Blue,0
116,3,64,Pink,0
157,58,188,Purple,0
240,179,2,Yellow,0
29,251,140,Green,1
3,27,98,Blue,0
219,203,190,White,0
80,90,127,Blue,0
141,85,83,Brown,0
40,224,238,Blue,0
211,136,77,Orange,0
58,111,62,Green,1
188,99,140,Pink,0
51,215,124,Green,1
80,171,231,Blue,0
44,170,75,Green,1
65,196,72,Green,1
69,93,99,Grey,0
239,16,80,Red,0
3,225,114,Green,1
56,210,11,Green,1
189,176,243,Purple,0
151,114,213,Purple,0
62,163,10,Green,1
34,114,224,Blue,0
108,245,213,Green,1
14,75,93,Blue,0
161,34,26,Red,0
30,105,168,Blue,0
76,90,52,Green,1
83,195,20,Green,1
205,26,7,Red,0
178,44,151,Pink,0
44,4,172,Blue,0
159,254,130,Green,1
22,226,224,Blue,0
4,118,254,Blue,0
152,64,43,Brown,0
175,144,39,Yellow,0
42,178,2,Green,1
217,161,45,Yellow,0
210,113,173,Pink,0
5,177,198,Blue,0
140,180,78,Green,1
27,231,181,Green,1
99,170,168,Blue,0
155,35,120,Purple,0
62,49,158,Blue,0
139,239,232,Green,1
130,81,222,Purple,0
20,62,143,Blue,0
246,150,170,Pink,0
66,193,184,Blue,0
47,246,79,Green,1
173,253,11,Green,1
146,224,12,Green,1
200,49,85,Red,0
80,215,73,Green,1
118,241,35,Green,1
233,250,172,Yellow,0
175,64,32,Red,0
145,63,30,Brown,0
79,69,32,Brown,0
248,146,52,Orange,0
87,45,45,Brown,0
250,14,249,Pink,0
126,242,126,Green,1
217,39,164,Pink,0
18,113,223,Blue,0
140,15,192,Purple,0
39,42,202,Blue,0
143,40,113,Purple,0
247,129,192,Pink,0
80,81,146,Blue,0
35,9,61,Blue,0
244,36,76,Red,0
171,3,196,Purple,0
97,23,59,Brown,0
238,100,240,Pink,0
173,13,211,Purple,0
133,70,123,Purple,0
100,228,77,Green,1
78,104,112,Grey,0
200,118,18,Orange,0
202,141,221,Pink,0
93,192,120,Green,1
228,199,6,Yellow,0
182,207,62,Green,1
211,249,159,Yellow,0
83,125,247,Blue,0
169,36,216,Purple,0
229,221,219,White,0
133,235,21,Green,1
185,202,227,Grey,0
120,130,77,Green,1
201,75,195,Pink,0
143,124,42,Green,1
73,81,190,Blue,0
47,32,33,Brown,0
231,222,213,White,0
175,38,23,Red,0
50,97,223,Blue,0
164,66,244,Purple,0
192,11,81,Pink,0
83,113,164,Blue,0
229,202,245,Purple,0
242,245,142,Yellow,0
6,19,34,Black,0
157,100,157,Purple,0
108,165,85,Green,1
156,26,44,Red,0
188,150,40,Yellow,0
218,199,156,Yellow,0
85,160,232,Blue,0
219,92,1,Orange,0
87,28,37,Brown,0
156,15,93,Pink,0
66,45,254,Blue,0
140,34,27,Brown,0
100,126,40,Green,1
230,158,40,Yellow,0
216,175,36,Yellow,0
99,176,142,Green,1
27,47,36,Green,1
103,94,59,Brown,0
22,64,69,Blue,0
190,107,197,Pink,0
96,76,119,Purple,0
21,164,143,Green,1
49,199,202,Blue,0
5,60,55,Green,1
241,120,49,Orange,0
208,13,67,Red,0
158,111,141,Purple,0
179,187,24,Yellow,0
9,46,248,Blue,0
14,76,242,Blue,0
86,121,216,Blue,0
131,36,250,Purple,0
30,36,152,Blue,0
40,92,29,Green,1
240,9,102,Pink,0
142,115,141,Purple,0
137,2,76,Purple,0
248,225,0,Yellow,0
188,13,3,Red,0
193,247,131,Yellow,0
31,43,241,Blue,0
4,120,165,Blue,0
222,80,10,Orange,0
57,58,53,Grey,0
6,71,152,Blue,0
205,177,44,Yellow,0
132,61,161,Purple,0
92,56,162,Purple,0
235,197,125,Yellow,0
228,153,102,Orange,0
87,92,73,Grey,0
239,49,193,Pink,0
55,176,99,Green,1
218,36,240,Pink,0
140,199,15,Green,1
211,149,219,Pink,0
203,192,200,Grey,0
123,66,137,Purple,0
217,200,193,Grey,0
194,146,163,Pink,0
171,168,159,Grey,0
143,190,189,Blue,0
198,49,48,Red,0
252,63,74,Red,0
109,42,3,Brown,0
8,49,226,Blue,0
247,39,146,Pink,0
238,32,10,Orange,0
231,5,100,Pink,0
64,216,173,Green,1
48,97,158,Blue,0
89,196,234,Blue,0
177,230,249,Blue,0
14,66,129,Blue,0
97,121,180,Blue,0
7,19,248,Blue,0
150,76,113,Purple,0
53,202,55,Green,1
55,252,44,Green,1
229,1,236,Pink,0
12,205,199,Blue,0
151,142,10,Green,1
77,86,134,Blue,0
151,67,112,Pink,0
174,169,90,Yellow,0
163,0,161,Pink,0
150,103,133,Pink,0
234,223,24,Yellow,0
123,105,15,Green,1
193,15,49,Red,0
183,222,82,Yellow,0
114,2,158,Purple,0
126,165,196,Blue,0
157,108,129,Purple,0
144,254,232,Blue,0
199,204,125,Yellow,0
120,229,130,Green,1
42,118,173,Blue,0
92,204,186,Blue,0
153,88,85,Brown,0
128,75,238,Purple,0
146,159,58,Green,1
241,200,68,Yellow,0
83,163,168,Blue,0
246,164,29,Orange,0
54,66,71,Grey,0
163,126,79,Brown,0
130,110,103,Brown,0
239,157,148,Orange,0
13,44,56,Green,1
149,63,63,Brown,0
212,54,102,Pink,0
219,39,109,Pink,0
118,229,39,Green,1
137,107,234,Purple,0
45,244,93,Green,1
200,82,54,Brown,0
173,185,212,Blue,0
216,227,200,Green,1
48,100,198,Blue,0
226,111,234,Pink,0
118,48,141,Purple,0
134,74,197,Purple,0
167,172,37,Green,1
36,248,210,Blue,0
143,47,192,Purple,0
180,158,96,Green,1
67,6,161,Blue,0
69,155,230,Blue,0
93,152,83,Green,1
27,34,127,Blue,0
190,73,191,Pink,0
96,190,159,Green,1
245,22,240,Pink,0
84,195,121,Green,1
206,41,254,Pink,0
242,220,100,Yellow,0
13,242,26,Green,1
240,29,94,Red,0
71,216,141,Green,1
190,142,189,Purple,0
201,75,126,Pink,0
54,111,78,Green,1
235,194,123,Yellow,0
225,204,87,Yellow,0
200,58,55,Orange,0
78,11,87,Purple,0
246,253,105,Yellow,0
10,214,23,Green,1
175,231,120,Green,1
95,89,58,Brown,0
207,104,86,Orange,0
115,162,43,Green,1
194,234,19,Yellow,0
44,123,80,Green,1
8,153,205,Blue,0
206,160,164,Pink,0
80,190,29,Green,1
71,178,188,Blue,0
40,200,85,Green,1
182,195,185,Grey,0
160,41,40,Red,0
63,46,205,Blue,0
13,96,217,Blue,0
120,42,149,Purple,0
128,92,147,Purple,0
50,210,57,Green,1
215,75,128,Pink,0
126,150,13,Green,1
135,231,238,Blue,0
236,205,112,Yellow,0
191,25,47,Red,0
188,109,91,Orange,0
183,186,231,Blue,0
51,96,180,Blue,0
191,170,128,Grey,0
74,207,0,Green,1
76,5,201,Blue,0
159,49,20,Brown,0
248,202,162,Orange,0
101,59,171,Purple,0
167,34,126,Pink,0
157,101,222,Purple,0
194,223,228,Blue,0
253,126,181,Pink,0
86,122,24,Green,1
171,48,176,Purple,0
168,219,191,Green,1
128,229,242,Blue,0
122,39,129,Purple,0
103,22,23,Brown,0
60,99,243,Blue,0
195,131,62,Orange,0
51,26,9,Brown,0
3,27,123,Blue,0
135,241,91,Green,1
191,45,142,Pink,0
26,225,54,Green,1
247,161,226,Pink,0
71,7,183,Blue,0
150,64,159,Purple,0
129,87,6,Brown,0
219,212,122,Yellow,0
240,25,222,Pink,0
192,191,190,Grey,0
247,149,72,Orange,0
47,243,15,Green,1
50,1,200,Blue,0
232,142,214,Pink,0
29,83,225,Blue,0
69,244,74,Green,1
243,67,142,Pink,0
164,240,229,Blue,0
71,48,186,Blue,0
95,3,25,Brown,0
39,47,10,Green,1
3,164,157,Blue,0
249,34,86,Red,0
180,91,4,Orange,0
68,22,226,Blue,0
170,158,220,Purple,0
38,109,215,Blue,0
209,241,150,Yellow,0
72,160,6,Green,1
40,248,222,Blue,0
114,134,236,Purple,0
224,140,107,Orange,0
145,123,135,Grey,0
123,1,101,Purple,0
246,207,72,Yellow,0
37,33,120,Blue,0
164,238,30,Green,1
70,119,140,Blue,0
69,5,38,Brown,0
123,90,35,Brown,0
11,90,236,Blue,0
9,238,55,Green,1
87,30,28,Brown,0
201,49,205,Pink,0
75,81,82,Grey,0
38,225,115,Green,1
225,134,115,Orange,0
93,147,10,Green,1
165,27,225,Purple,0
51,159,151,Blue,0
108,17,10,Brown,0
209,10,95,Pink,0
192,158,105,Brown,0
170,15,149,Purple,0
37,226,185,Green,1
84,206,110,Green,1
214,209,202,Grey,0
224,218,28,Yellow,0
39,140,155,Blue,0
208,90,178,Pink,0
46,1,77,Purple,0
15,237,131,Green,1
26,168,20,Green,1
44,143,148,Blue,0
56,111,130,Blue,0
18,57,15,Green,1
126,130,102,Grey,0
149,30,192,Pink,0
178,127,182,Pink,0
242,170,248,Pink,0
181,214,98,Yellow,0
126,158,123,Green,1
13,89,66,Green,1
94,60,195,Purple,0
102,68,109,Purple,0
200,221,254,Blue,0
72,91,52,Green,1
125,37,104,Purple,0
204,206,32,Yellow,0
145,124,198,Purple,0
20,3,220,Blue,0
103,198,248,Blue,0
35,215,228,Blue,0
39,197,6,Green,1
104,114,28,Green,1
229,47,209,Pink,0
111,229,123,Green,1
75,192,254,Blue,0
18,88,104,Blue,0
53,161,0,Green,1
174,175,177,Grey,0
168,80,115,Pink,0
124,25,193,Purple,0
6,57,104,Blue,0
212,57,141,Pink,0
24,24,172,Blue,0
230,53,20,Orange,0
236,250,178,Yellow,0
136,214,22,Green,1
145,90,197,Purple,0
28,220,191,Blue,0
99,250,47,Green,1
152,71,241,Purple,0
211,211,217,Grey,0
158,89,159,Purple,0
236,115,189,Pink,0
189,143,1,Yellow,0
7,182,75,Green,1
241,104,22,Orange,0
190,200,235,Blue,0
141,107,213,Purple,0
121,6,115,Purple,0
42,64,246,Blue,0
13,53,40,Green,1
181,117,68,Orange,0
100,202,194,Blue,0
79,163,47,Green,1
154,158,231,Purple,0
137,188,33,Green,1
81,53,243,Blue,0
104,252,131,Green,1
254,234,129,Yellow,0
209,10,55,Red,0
173,142,241,Purple,0
224,171,142,Orange,0
122,161,194,Blue,0
145,51,101,Purple,0
202,243,113,Yellow,0
160,211,139,Green,1
0,181,141,Green,1
166,8,241,Purple,0
251,150,200,Pink,0
216,58,62,Red,0
114,70,143,Purple,0
191,55,192,Pink,0
247,251,184,Yellow,0
235,117,77,Orange,0
175,17,31,Red,0
39,222,203,Blue,0
241,94,239,Pink,0
133,11,240,Purple,0
61,99,83,Green,1
105,36,240,Blue,0
104,152,174,Blue,0
216,49,213,Pink,0
236,79,57,Orange,0
100,167,19,Green,1
13,223,166,Green,1
110,37,87,Purple,0
79,215,9,Green,1
134,134,207,Blue,0
1,194,177,Green,1
124,176,69,Green,1
246,5,168,Pink,0
50,176,84,Green,1
175,23,169,Purple,0
49,122,251,Blue,0
153,143,218,Purple,0
61,228,192,Blue,0
27,105,199,Blue,0
181,65,11,Brown,0
227,81,157,Pink,0
213,218,128,Yellow,0
135,52,42,Brown,0
12,150,194,Blue,0
57,211,130,Green,1
111,169,47,Green,1
198,184,134,Yellow,0
122,171,104,Green,1
152,188,94,Green,1
230,89,203,Pink,0
161,121,194,Purple,0
72,226,237,Blue,0
2,117,203,Blue,0
165,101,1,Orange,0
171,121,29,Brown,0
23,76,62,Green,1
166,165,235,Purple,0
178,251,22,Yellow,0
168,38,192,Purple,0
175,120,141,Pink,0
95,34,139,Purple,0
67,35,90,Purple,0
194,48,185,Pink,0
1,183,2,Green,1
139,121,71,Brown,0
113,223,189,Blue,0
127,120,147,Purple,0
170,236,65,Green,1
218,155,177,Pink,0
80,64,58,Brown,0
143,93,250,Purple,0
219,74,62,Red,0
98,178,171,Blue,0
13,100,165,Blue,0
2,196,140,Green,1
56,24,209,Blue,0
108,10,148,Purple,0
18,137,107,Green,1
216,142,68,Orange,0
152,91,91,Brown,0
55,1,183,Blue,0
105,231,248,Blue,0
79,93,14,Green,1
118,193,62,Green,1
74,229,229,Blue,0
233,143,66,Orange,0
183,159,183,Purple,0
137,237,189,Green,1
96,165,16,Green,1
9,158,80,Green,1
22,5,127,Blue,0
175,52,52,Red,0
181,54,84,Pink,0
246,199,182,Orange,0
151,123,171,Purple,0
33,118,240,Blue,0
57,2,202,Blue,0
213,173,206,Pink,0
101,18,211,Purple,0
5,254,190,Green,1
195,254,132,Yellow,0
61,182,0,Green,1
34,28,120,Blue,0
58,95,218,Blue,0
252,52,27,Orange,0
198,141,127,Brown,0
175,252,225,Blue,0
102,153,139,Green,1
27,233,141,Green,1
17,33,70,Blue,0
1,224,138,Green,1
36,11,146,Blue,0
206,189,95,Yellow,0
27,93,219,Blue,0
25,124,59,Green,1
204,215,214,White,0
93,138,131,Grey,0
133,213,57,Green,1
85,117,238,Blue,0
160,80,6,Brown,0
170,123,151,Pink,0
229,90,172,Pink,0
199,98,185,Pink,0
130,49,131,Purple,0
74,42,194,Blue,0
188,82,163,Pink,0
8,152,216,Blue,0
76,0,150,Purple,0
228,145,244,Pink,0
254,118,250,Pink,0
65,175,153,Green,1
182,83,141,Pink,0
18,89,92,Green,1
91,23,45,Brown,0
83,173,172,Blue,0
92,173,251,Blue,0
166,209,165,Green,1
180,239,191,Green,1
53,57,242,Blue,0
69,174,48,Green,1
138,108,26,Brown,0
231,94,42,Orange,0
75,29,127,Purple,0
218,154,249,Pink,0
130,22,117,Purple,0
54,224,170,Green,1
123,29,84,Purple,0
159,128,209,Purple,0
25,237,82,Green,1
217,105,159,Pink,0
253,132,131,Red,0
188,210,145,Yellow,0
12,71,69,Green,1
107,185,70,Green,1
83,136,137,Blue,0
7,134,50,Green,1
30,103,73,Green,1
220,35,205,Pink,0
72,45,236,Blue,0
179,106,16,Brown,0
7,242,237,Blue,0
89,87,247,Blue,0
142,99,153,Purple,0
67,82,66,Grey,0
217,185,164,Orange,0
166,199,120,Green,1
91,208,4,Green,1
163,123,110,Brown,0
21,68,145,Blue,0
48,176,176,Blue,0
218,2,47,Red,0
200,135,142,Pink,0
132,155,71,Green,1
176,229,54,Green,1
21,103,179,Blue,0
131,78,206,Purple,0
1,152,135,Green,1
55,213,44,Green,1
31,139,102,Green,1
202,76,69,Red,0
156,148,122,Grey,0
184,15,230,Purple,0
141,188,110,Green,1
204,193,194,Grey,0
0,213,232,Blue,0
114,214,130,Green,1
97,106,49,Green,1
203,172,208,Pink,0
224,60,140,Pink,0
162,153,248,Purple,0
242,244,32,Yellow,0
238,139,22,Orange,0
86,176,192,Blue,0
248,244,33,Yellow,0
211,112,18,Orange,0
174,254,158,Yellow,0
104,71,35,Brown,0
103,248,71,Green,1
140,2,61,Purple,0
56,83,47,Green,1
83,214,118,Green,1
13,116,173,Blue,0
228,147,54,Orange,0
120,221,57,Green,1
11,65,111,Blue,0
7,15,244,Blue,0
112,131,240,Purple,0
15,15,119,Blue,0
103,189,209,Blue,0
91,92,35,Green,1
226,188,77,Yellow,0
204,192,222,Pink,0
17,168,227,Blue,0
79,181,181,Blue,0
80,253,93,Green,1
231,54,9,Red,0
64,158,82,Green,1
121,113,48,Brown,0
133,70,133,Purple,0
195,20,0,Red,0
217,229,138,Yellow,0
232,219,171,Yellow,0
144,12,130,Purple,0
239,22,103,Pink,0
206,214,216,Grey,0
68,151,12,Green,1
157,152,155,Grey,0
165,183,252,Blue,0
207,90,243,Pink,0
95,80,194,Blue,0
212,234,22,Yellow,0
99,213,147,Green,1
95,165,139,Green,1
177,104,108,Brown,0
8,51,172,Blue,0
199,241,116,Yellow,0
38,22,55,Black,0
30,196,41,Green,1
74,249,18,Green,1
140,95,114,Brown,0
98,119,89,Grey,0
118,83,192,Purple,0
228,168,110,Orange,0
111,186,228,Blue,0
191,250,42,Yellow,0
57,4,55,Purple,0
38,150,199,Blue,0
154,229,208,Green,1
131,21,94,Purple,0
247,152,179,Pink,0
52,131,33,Green,1
139,164,76,Green,1
137,102,26,Brown,0
217,75,125,Pink,0
240,160,11,Orange,0
151,157,194,Blue,0
195,14,158,Pink,0
132,86,46,Brown,0
60,54,122,Blue,0
207,100,173,Pink,0
177,215,121,Green,1
177,200,52,Green,1
2,49,192,Blue,0
110,165,30,Green,1
23,211,115,Green,1
151,16,210,Purple,0
55,217,130,Green,1
63,174,155,Green,1
215,192,47,Yellow,0
2,241,114,Green,1
248,33,25,Red,0
120,9,182,Purple,0
155,171,32,Green,1
119,78,38,Brown,0
135,128,242,Blue,0
8,193,198,Green,1
81,142,109,Green,1
248,216,105,Yellow,0
53,182,176,Blue,0
214,209,144,Yellow,0
223,56,179,Pink,0
51,239,72,Green,1
27,136,228,Blue,0
243,11,246,Pink,0
55,106,78,Green,1
180,54,16,Brown,0
155,138,85,Brown,0
2,13,32,Black,0
240,111,32,Orange,0
192,66,206,Pink,0
111,135,121,Grey,0
145,135,232,Blue,0
110,150,174,Blue,0
33,147,182,Blue,0
229,179,93,Yellow,0
82,64,34,Brown,0
92,200,166,Green,1
130,85,99,Brown,0
230,131,64,Orange,0
180,98,113,Brown,0
143,190,77,Green,1
117,93,96,Grey,0
156,14,102,Purple,0
59,19,237,Blue,0
5,181,199,Blue,0
181,245,59,Green,1
89,22,221,Blue,0
234,204,197,White,0
226,13,93,Pink,0
167,125,144,Grey,0
97,238,45,Green,1
170,233,93,Green,1
112,137,241,Blue,0
139,4,0,Red,0
124,204,126,Green,1
21,164,114,Green,1
47,116,247,Blue,0
254,148,210,Pink,0
15,126,135,Green,1
155,121,151,Purple,0
229,177,123,Orange,0
179,229,184,Green,1
93,220,41,Green,1
135,193,151,Green,1
215,24,37,Red,0
90,66,160,Purple,0
148,12,136,Purple,0
126,78,185,Blue,0
24,128,112,Green,1
48,93,171,Blue,0
1,218,205,Blue,0
61,88,202,Blue,0
92,232,189,Green,1
147,92,179,Purple,0
194,29,167,Pink,0
31,197,3,Green,1
229,146,122,Orange,0
91,135,77,Green,1
84,81,171,Blue,0
86,57,95,Purple,0
202,85,12,Orange,0
213,11,147,Pink,0
83,142,41,Green,1
120,236,108,Green,1
223,51,246,Pink,0
71,207,115,Green,1
195,254,77,Yellow,0
165,212,199,Grey,0
206,97,234,Pink,0
153,200,223,Blue,0
21,194,31,Green,1
197,138,99,Brown,0
192,84,147,Pink,0
94,23,9,Brown,0
105,232,60,Green,1
208,86,171,Pink,0
254,98,51,Orange,0
114,136,206,Blue,0
200,240,87,Yellow,0
194,196,34,Green,1
99,105,215,Blue,0
195,218,50,Yellow,0
103,246,139,Green,1
81,219,130,Green,1
26,83,250,Blue,0
141,222,56,Green,1
164,215,202,Green,1
42,155,150,Blue,0
196,238,147,Yellow,0
123,49,70,Brown,0
111,9,61,Brown,0
194,84,20,Orange,0
212,170,225,Pink,0
154,91,237,Purple,0
90,172,186,Blue,0
21,175,31,Green,1
0,50,167,Blue,0
234,192,54,Yellow,0
170,145,169,Grey,0
92,81,143,Blue,0
217,220,17,Yellow,0
37,56,46,Grey,0
174,98,90,Brown,0
90,34,17,Brown,0
53,231,115,Green,1
155,99,202,Purple,0
203,8,10,Red,0
240,218,210,White,0
185,51,152,Purple,0
216,195,182,Grey,0
135,57,105,Purple,0
201,146,45,Yellow,0
121,199,13,Green,1
26,191,209,Blue,0
132,185,151,Green,1
222,182,132,Brown,0
106,232,228,Blue,0
141,69,124,Purple,0
158,112,54,Brown,0
184,252,21,Green,1
213,70,4,Orange,0
216,191,90,Yellow,0
215,221,113,Yellow,0
211,122,68,Brown,0
172,10,155,Purple,0
179,0,96,Pink,0
63,189,69,Green,1
222,203,245,Blue,0
72,179,240,Blue,0
189,215,116,Green,1
38,51,155,Blue,0
124,214,212,Blue,0
75,206,188,Green,1
56,89,241,Blue,0
9,233,142,Green,1
53,129,126,Green,1
64,136,152,Blue,0
40,48,207,Blue,0
15,231,6,Green,1
29,140,239,Blue,0
96,143,232,Blue,0
107,221,146,Green,1
10,98,1,Green,1
19,17,155,Blue,0
194,49,174,Pink,0
186,219,16,Yellow,0
241,162,38,Orange,0
224,106,48,Orange,0
183,100,114,Brown,0
9,47,30,Green,1
45,133,157,Blue,0
43,3,223,Blue,0
177,73,58,Brown,0
35,62,139,Blue,0
183,246,163,Green,1
56,69,154,Blue,0
243,62,88,Red,0
19,96,167,Blue,0
220,44,190,Pink,0
160,11,167,Purple,0
47,185,51,Green,1
11,96,157,Blue,0
226,221,14,Yellow,0
164,39,111,Purple,0
177,167,37,Green,1
207,97,244,Pink,0
233,168,43,Yellow,0
105,196,62,Green,1
35,197,172,Green,1
164,173,4,Green,1
16,188,157,Blue,0
62,165,196,Blue,0
250,72,91,Red,0
210,51,79,Red,0
146,133,218,Purple,0
230,142,212,Pink,0
136,240,44,Green,1
43,1,66,Black,0
168,82,53,Brown,0
231,7,44,Red,0
191,174,82,Yellow,0
83,59,123,Blue,0
11,78,40,Green,1
167,2,45,Red,0
106,113,251,Blue,0
147,74,30,Brown,0
147,33,30,Brown,0
199,217,41,Yellow,0
5,28,254,Blue,0
138,28,90,Purple,0
200,199,178,Grey,0
30,26,94,Blue,0
249,67,100,Pink,0
61,188,142,Green,1
156,1,84,Purple,0
164,35,234,Purple,0
204,201,167,Grey,0
132,184,49,Green,1
51,9,64,Purple,0
187,171,46,Yellow,0
5,248,149,Green,1
29,144,102,Green,1
148,237,158,Green,1
41,121,144,Blue,0
136,237,56,Green,1
163,49,46,Brown,0
62,233,160,Green,1
130,142,103,Grey,0
22,150,105,Green,1
99,112,202,Blue,0
141,82,13,Brown,0
222,14,221,Pink,0
120,23,99,Purple,0
36,230,196,Green,1
59,25,156,Blue,0
57,12,167,Blue,0
42,24,198,Blue,0
195,131,27,Orange,0
3,141,201,Blue,0
137,126,204,Purple,0
21,236,124,Green,1
60,27,225,Blue,0
2,64,12,Green,1
65,109,139,Blue,0
242,246,9,Yellow,0
35,161,122,Green,1
17,69,142,Blue,0
42,62,12,Green,1
228,137,201,Pink,0
172,17,40,Red,0
98,23,162,Purple,0
231,23,231,Pink,0
38,187,202,Blue,0
109,114,218,Purple,0
149,115,240,Purple,0
35,134,113,Green,1
201,0,224,Pink,0
246,187,184,Orange,0
70,76,131,Blue,0
214,38,126,Pink,0
8,127,246,Blue,0
130,250,64,Green,1
13,153,8,Green,1
114,14,94,Purple,0
245,46,192,Pink,0
199,119,15,Orange,0
191,42,172,Purple,0
118,78,102,Brown,0
173,170,217,Grey,0
29,137,213,Blue,0
1,14,86,Blue,0
81,206,208,Blue,0
44,148,129,Green,1
34,129,50,Green,1
70,48,97,Purple,0
211,251,116,Yellow,0
252,133,97,Orange,0
153,24,16,Red,0
249,111,215,Pink,0
106,158,65,Green,1
69,247,47,Green,1
233,98,22,Orange,0
55,34,79,Purple,0
97,191,175,Green,1
85,192,165,Green,1
195,27,233,Purple,0
96,188,23,Green,1
198,154,203,Pink,0
179,114,42,Brown,0
243,47,5,Orange,0
105,11,194,Purple,0
160,205,62,Green,1
137,87,210,Purple,0
233,50,164,Pink,0
49,105,199,Blue,0
140,9,59,Brown,0
222,73,135,Pink,0
63,224,164,Green,1
24,0,170,Blue,0
102,16,115,Purple,0
195,89,86,Orange,0
184,244,233,Green,1
26,123,4,Green,1
96,106,73,Green,1
33,82,235,Blue,0
84,71,199,Blue,0
201,202,38,Yellow,0
246,152,235,Pink,0
106,127,121,Grey,0
137,124,112,Grey,0
21,75,29,Green,1
85,228,34,Green,1
148,139,144,Grey,0
186,168,12,Yellow,0
75,250,60,Green,1
107,3,53,Purple,0
88,9,72,Purple,0
252,90,191,Pink,0
33,69,68,Green,1
190,201,202,Grey,0
119,253,18,Green,1
217,32,89,Pink,0
219,239,203,Yellow,0
59,199,206,Blue,0
65,118,189,Blue,0
34,122,76,Green,1
27,68,33,Green,1
227,105,138,Pink,0
227,160,193,Pink,0
192,221,113,Yellow,0
238,116,230,Pink,0
211,241,78,Yellow,0
185,159,178,Grey,0
191,6,142,Purple,0
213,173,64,Yellow,0
119,102,89,Grey,0
43,190,141,Green,1
115,218,134,Green,1
10,92,39,Green,1
205,113,208,Pink,0
166,161,231,Blue,0
167,61,226,Purple,0
177,114,197,Pink,0
131,80,241,Blue,0
145,172,47,Green,1
128,184,125,Green,1
96,118,176,Blue,0
241,249,183,Yellow,0
128,40,94,Brown,0
177,106,202,Pink,0
9,242,119,Green,1
141,69,119,Purple,0
43,204,106,Green,1
215,71,183,Pink,0
47,50,83,Blue,0
73,104,91,Grey,0
75,52,233,Blue,0
2,55,19,Green,1
121,227,174,Green,1
36,205,194,Blue,0
235,179,49,Orange,0
237,93,227,Pink,0
215,189,51,Yellow,0
238,239,211,Green,1
100,80,75,Brown,0
245,30,23,Red,0
219,133,252,Purple,0
141,163,220,Blue,0
193,128,75,Brown,0
201,162,91,Brown,0
114,132,190,Blue,0
249,254,73,Yellow,0
152,253,142,Green,1
25,93,217,Blue,0
212,226,152,Yellow,0
79,51,215,Blue,0
93,252,227,Green,1
115,41,160,Purple,0
36,133,24,Green,1
200,9,57,Red,0
101,19,78,Purple,0
175,8,206,Pink,0
236,176,34,Yellow,0
210,187,194,Grey,0
71,232,133,Green,1
104,142,74,Green,1
216,236,241,Blue,0
11,185,108,Green,1
175,34,27,Red,0
159,20,170,Purple,0
140,21,1,Brown,0
168,100,177,Purple,0
46,219,53,Green,1
34,118,119,Green,1
154,38,80,Brown,0
104,32,142,Purple,0
252,61,53,Orange,0
131,15,126,Purple,0
152,38,20,Brown,0
56,50,227,Blue,0
202,37,179,Pink,0
190,21,51,Red,0
0,103,183,Blue,0
211,104,76,Brown,0
199,210,240,Purple,0
179,94,8,Orange,0
144,0,13,Red,0
191,28,185,Pink,0
239,186,107,Yellow,0
173,189,35,Green,1
158,64,204,Purple,0
9,112,48,Green,1
136,134,159,Grey,0
7,13,50,Blue,0
44,245,106,Green,1
179,224,212,Grey,0
155,94,136,Purple,0
43,75,128,Blue,0
31,12,1,Brown,0
86,177,87,Green,1
182,166,200,Grey,0
243,27,143,Pink,0
112,96,37,Green,1
22,160,221,Blue,0
4,248,18,Green,1
244,189,57,Yellow,0
50,179,77,Green,1
137,155,46,Green,1
147,44,106,Purple,0
42,45,13,Green,1
21,197,178,Blue,0
1,165,239,Blue,0
227,82,89,Red,0
131,107,25,Brown,0
223,50,237,Pink,0
80,127,224,Blue,0
168,102,71,Brown,0
62,201,119,Green,1
138,168,47,Green,1
189,123,61,Brown,0
157,224,184,Green,1
170,111,92,Brown,0
53,252,17,Green,1
164,161,194,Grey,0
146,163,68,Green,1
200,161,67,Yellow,0
235,177,89,Orange,0
147,43,65,Brown,0
60,180,19,Green,1
106,179,90,Green,1
59,121,144,Blue,0
147,220,188,Green,1
254,82,196,Pink,0
96,122,10,Green,1
254,220,113,Yellow,0
229,252,197,Yellow,0
122,80,56,Brown,0
21,114,171,Blue,0
51,69,59,Grey,0
172,175,174,Grey,0
243,172,225,Pink,0
70,207,190,Green,1
13,7,61,Blue,0
251,139,240,Pink,0
190,4,223,Purple,0
214,218,6,Yellow,0
150,198,226,Blue,0
136,161,63,Green,1
231,185,78,Orange,0
28,31,200,Blue,0
78,150,130,Green,1
153,136,47,Green,1
240,64,219,Pink,0
201,217,211,Grey,0
81,76,235,Blue,0
165,232,92,Green,1
110,11,112,Purple,0
243,10,47,Red,0
92,43,198,Blue,0
215,182,164,Brown,0
224,241,150,Yellow,0
125,111,20,Green,1
139,179,133,Green,1
244,79,164,Pink,0
116,197,151,Green,1
26,39,223,Blue,0
144,131,31,Green,1
127,224,114,Green,1
232,248,219,Green,1
2,101,97,Green,1
187,121,178,Purple,0
72,58,152,Blue,0
211,215,121,Yellow,0
80,211,161,Green,1
141,179,99,Green,1
109,32,65,Brown,0
150,254,37,Green,1
151,86,157,Purple,0
171,139,249,Blue,0
162,202,84,Green,1
210,20,99,Pink,0
129,122,32,Green,1
52,253,13,Green,1
22,160,236,Blue,0
93,72,48,Brown,0
34,215,7,Green,1
159,201,242,Blue,0
75,5,67,Purple,0
122,48,210,Purple,0
21,30,183,Blue,0
161,219,189,Green,1
34,50,35,Green,1
108,7,24,Brown,0
109,101,215,Purple,0
171,109,233,Purple,0
14,85,65,Green,1
200,107,0,Orange,0
147,84,81,Brown,0
80,96,17,Green,1
95,196,230,Blue,0
75,95,153,Blue,0
163,52,150,Purple,0
61,154,136,Green,1
242,147,249,Pink,0
220,122,205,Pink,0
117,113,197,Blue,0
203,154,56,Yellow,0
236,168,122,Orange,0
73,79,221,Blue,0
244,59,141,Pink,0
145,177,226,Blue,0
135,135,37,Green,1
160,172,69,Green,1
151,67,146,Purple,0
122,53,66,Brown,0
143,132,191,Blue,0
138,6,46,Red,0
192,2,179,Pink,0
120,224,98,Green,1
135,239,84,Green,1
167,1,199,Purple,0
228,204,106,Yellow,0
83,22,14,Brown,0
122,127,216,Blue,0
14,147,113,Green,1
183,185,154,Grey,0
177,170,46,Green,1
161,8,153,Purple,0
102,194,111,Green,1
194,184,185,Grey,0
240,236,221,White,0
94,26,245,Blue,0
144,173,198,Grey,0
166,195,189,Grey,0
180,47,95,Pink,0
29,144,62,Green,1
179,57,91,Red,0
9,34,239,Blue,0
154,29,203,Purple,0
234,160,203,Pink,0
213,149,162,Brown,0
46,111,229,Blue,0
193,215,30,Green,1
154,156,161,Grey,0
203,96,138,Pink,0
212,154,116,Brown,0
182,48,180,Purple,0
143,127,181,Grey,0
213,47,124,Pink,0
155,240,97,Green,1
60,183,160,Green,1
222,141,177,Pink,0
186,196,56,Green,1
98,176,34,Green,1
208,172,97,Yellow,0
68,232,25,Green,1
161,53,44,Brown,0
125,100,242,Purple,0
223,130,186,Pink,0
238,192,38,Yellow,0
241,123,238,Pink,0
10,90,221,Blue,0
164,55,42,Brown,0
138,191,21,Green,1
33,56,210,Blue,0
192,101,47,Brown,0
222,205,78,Yellow,0
228,0,114,Pink,0
105,58,150,Purple,0
190,28,34,Red,0
214,180,85,Yellow,0
96,83,138,Purple,0
250,181,39,Yellow,0
50,56,70,Grey,0
158,40,123,Purple,0
227,195,73,Yellow,0
252,99,182,Pink,0
137,234,236,Blue,0
149,159,87,Green,1
58,237,203,Green,1
64,227,89,Green,1
230,135,10,Orange,0
239,83,119,Pink,0
122,148,200,Blue,0
189,148,192,Purple,0
99,199,119,Green,1
229,203,81,Yellow,0
87,68,232,Blue,0
68,2,98,Purple,0
245,1,43,Red,0
52,143,129,Blue,0
204,23,130,Pink,0
136,57,181,Purple,0
30,90,181,Blue,0
216,126,156,Pink,0
124,220,156,Green,1
146,224,210,Green,1
254,15,99,Red,0
46,70,95,Grey,0
162,49,30,Brown,0
230,20,233,Pink,0
54,230,237,Blue,0
99,176,171,Blue,0
233,166,102,Orange,0
155,161,234,Blue,0
190,127,218,Purple,0
150,11,123,Purple,0
145,30,71,Brown,0
52,199,166,Green,1
70,133,197,Blue,0
71,211,47,Green,1
19,30,211,Blue,0
29,58,236,Blue,0
49,164,89,Green,1
167,30,197,Purple,0
34,142,252,Blue,0
32,157,84,Green,1
54,152,89,Green,1
174,51,43,Red,0
177,177,233,Blue,0
170,192,228,Blue,0
163,66,26,Brown,0
242,18,125,Pink,0
216,113,47,Orange,0
118,79,17,Brown,0
215,212,26,Yellow,0
248,63,168,Pink,0
136,89,24,Brown,0
117,145,46,Green,1
220,202,234,Purple,0
21,30,203,Blue,0
243,2,187,Pink,0
7,7,99,Blue,0
139,143,198,Blue,0
104,201,141,Green,1
100,1,54,Brown,0
92,225,153,Green,1
44,192,240,Blue,0
167,88,12,Brown,0
254,249,124,Yellow,0
83,151,152,Green,1
63,112,237,Blue,0
219,190,123,Yellow,0
211,104,175,Pink,0
159,134,133,Grey,0
247,152,9,Orange,0
79,130,145,Blue,0
227,32,175,Pink,0
10,125,49,Green,1
53,247,132,Green,1
230,164,18,Orange,0
223,27,48,Red,0
191,122,100,Brown,0
188,61,179,Pink,0
217,139,82,Brown,0
170,132,116,Brown,0
142,103,171,Purple,0
15,29,231,Blue,0
236,59,124,Pink,0
2,83,31,Green,1
74,133,239,Blue,0
95,249,62,Green,1
95,12,112,Purple,0
21,220,1,Green,1
193,36,81,Red,0
96,103,12,Green,1
138,218,133,Green,1
100,149,90,Green,1
107,158,204,Blue,0
206,121,37,Orange,0
134,195,178,Green,1
150,50,174,Purple,0
49,92,190,Blue,0
83,213,252,Blue,0
232,30,144,Pink,0
18,167,3,Green,1
206,151,0,Yellow,0
75,39,61,Brown,0
29,53,150,Blue,0
151,177,55,Green,1
97,246,161,Green,1
158,130,202,Purple,0
36,140,209,Blue,0
140,4,196,Purple,0
119,28,172,Purple,0
144,233,199,Green,1
5,34,195,Blue,0
67,249,156,Green,1
14,38,38,Green,1
36,92,51,Green,1
178,99,244,Pink,0
16,42,244,Blue,0
31,174,178,Blue,0
77,5,96,Purple,0
29,93,106,Blue,0
44,30,139,Blue,0
230,187,182,Orange,0
199,48,166,Pink,0
81,53,41,Brown,0
91,124,186,Blue,0
158,130,17,Yellow,0
129,248,55,Green,1
58,11,129,Blue,0
77,11,250,Blue,0
135,103,102,Brown,0
234,106,0,Orange,0
11,213,23,Green,1
136,89,29,Brown,0
7,193,177,Green,1
233,65,222,Pink,0
167,131,108,Brown,0
196,224,207,Green,1
159,52,137,Pink,0
16,84,128,Blue,0
182,88,185,Pink,0
238,10,55,Red,0
85,15,59,Purple,0
14,253,147,Green,1
31,217,232,Blue,0
164,85,127,Pink,0
155,138,86,Green,1
32,65,34,Green,1
150,227,217,Blue,0
44,34,29,Brown,0
175,73,229,Pink,0
171,79,77,Red,0
26,126,244,Blue,0
184,127,20,Yellow,0
145,164,180,Grey,0
253,61,96,Red,0
214,57,42,Red,0
176,103,33,Brown,0
221,33,25,Orange,0
151,9,167,Purple,0
6,22,186,Blue,0
168,92,239,Purple,0
25,139,246,Blue,0
162,167,95,Green,1
76,63,101,Purple,0
232,99,22,Orange,0
84,67,45,Brown,0
250,105,207,Pink,0
88,187,202,Blue,0
169,85,215,Pink,0
5,216,250,Blue,0
134,19,222,Purple,0
176,125,137,Brown,0
37,162,137,Green,1
48,221,202,Green,1
74,37,13,Brown,0
171,120,74,Brown,0
163,90,112,Pink,0
195,222,141,Yellow,0
123,108,217,Blue,0
190,243,56,Yellow,0
220,74,148,Pink,0
37,4,101,Blue,0
198,56,172,Pink,0
240,12,23,Red,0
214,251,213,Yellow,0
163,223,172,Green,1
223,235,199,Yellow,0
191,137,89,Brown,0
27,10,35,Black,0
234,128,160,Pink,0
145,220,16,Green,1
109,239,187,Green,1
166,220,150,Green,1
78,56,156,Purple,0
95,19,118,Purple,0
215,201,88,Yellow,0
118,100,170,Purple,0
248,151,56,Orange,0
96,245,170,Green,1
21,190,180,Green,1
109,222,148,Green,1
24,133,223,Blue,0
249,3,215,Pink,0
77,248,181,Green,1
62,160,65,Green,1
153,215,188,Green,1
72,153,154,Blue,0
210,168,164,Orange,0
242,232,104,Yellow,0
88,122,47,Green,1
241,212,123,Yellow,0
86,69,72,Brown,0
244,154,178,Pink,0
110,52,233,Purple,0
51,55,168,Blue,0
85,156,205,Blue,0
25,25,54,Black,0
208,242,42,Yellow,0
220,12,199,Pink,0
43,75,13,Green,1
32,173,192,Blue,0
125,209,151,Green,1
230,230,80,Yellow,0
242,249,165,Yellow,0
89,91,88,Grey,0
39,213,77,Green,1
127,50,229,Purple,0
216,101,216,Pink,0
103,183,197,Blue,0
111,195,145,Green,1
248,225,249,White,0
163,161,206,Grey,0
124,208,35,Green,1
203,16,19,Red,0
136,7,139,Purple,0
234,153,203,Pink,0
7,238,32,Green,1
52,0,236,Blue,0
42,215,15,Green,1
28,202,174,Green,1
206,147,64,Orange,0
19,30,0,Green,1
125,10,184,Purple,0
211,175,38,Yellow,0
160,171,155,Grey,0
17,66,205,Blue,0
244,102,153,Pink,0
18,155,244,Blue,0
85,1,76,Purple,0
82,60,37,Brown,0
234,33,226,Pink,0
74,238,155,Green,1
248,233,153,Yellow,0
183,72,52,Brown,0
156,235,152,Green,1
19,79,239,Blue,0
213,215,206,Grey,0
198,253,109,Green,1
236,250,76,Yellow,0
47,213,132,Green,1
143,69,103,Purple,0
225,74,180,Pink,0
241,247,73,Yellow,0
145,118,235,Purple,0
158,135,55,Green,1
136,127,245,Blue,0
252,185,56,Yellow,0
150,20,140,Purple,0
2,247,218,Blue,0
49,133,12,Green,1
190,254,52,Yellow,0
2,28,133,Blue,0
68,251,95,Green,1
22,98,195,Blue,0
209,200,188,Grey,0
137,129,187,Purple,0
38,33,184,Blue,0
79,231,129,Green,1
50,110,134,Blue,0
33,52,38,Green,1
108,225,98,Green,1
156,184,6,Green,1
86,127,226,Blue,0
69,41,205,Blue,0
113,20,240,Purple,0
6,223,230,Blue,0
135,16,4,Red,0
254,70,151,Pink,0
190,39,201,Purple,0
214,120,144,Pink,0
140,96,31,Brown,0
20,33,228,Blue,0
165,142,47,Yellow,0
172,123,134,Brown,0
218,67,159,Pink,0
92,181,219,Blue,0
212,43,31,Red,0
203,2,127,Pink,0
106,151,32,Green,1
84,159,115,Green,1
7,237,195,Green,1
41,16,222,Blue,0
213,17,60,Red,0
42,183,196,Blue,0
34,120,128,Blue,0
89,162,157,Blue,0
57,251,218,Green,1
157,224,13,Green,1
220,218,215,Grey,0
211,104,175,Pink,0
159,152,91,Green,1
238,116,114,Orange,0
170,153,188,Blue,0
222,132,151,Pink,0
188,175,34,Green,1
227,111,214,Pink,0
190,101,70,Brown,0
199,67,146,Pink,0
64,57,165,Blue,0
151,220,254,Blue,0
182,94,107,Brown,0
140,70,14,Brown,0
114,170,96,Green,1
170,140,189,Purple,0
40,216,20,Green,1
132,225,214,Green,1
162,134,1,Yellow,0
30,241,174,Green,1
108,213,68,Green,1
83,129,244,Blue,0
37,153,204,Blue,0
244,114,8,Orange,0
102,75,19,Brown,0
61,213,44,Green,1
219,206,83,Yellow,0
184,56,27,Brown,0
22,117,105,Green,1
178,192,173,Grey,0
106,185,66,Green,1
204,56,84,Pink,0
115,166,17,Green,1
58,69,44,Grey,0
143,206,3,Green,1
216,26,67,Pink,0
135,67,99,Purple,0
174,224,78,Green,1
227,118,216,Pink,0
160,12,133,Purple,0
196,122,97,Brown,0
247,192,201,Orange,0
12,147,43,Green,1
56,39,16,Brown,0
217,211,77,Yellow,0
23,11,127,Blue,0
104,218,223,Blue,0
125,230,125,Green,1
249,82,108,Pink,0
18,110,81,Green,1
213,129,26,Orange,0
150,50,214,Purple,0
215,95,70,Orange,0
142,163,40,Green,1
128,214,109,Green,1
197,198,220,Grey,0
120,202,150,Green,1
105,254,165,Green,1
145,237,37,Green,1
99,12,104,Purple,0
12,189,62,Green,1
241,34,176,Pink,0
91,20,5,Brown,0
34,232,171,Green,1
210,90,233,Purple,0
50,49,111,Blue,0
42,209,147,Green,1
39,185,204,Green,1
236,222,32,Yellow,0
217,199,206,Grey,0
119,60,210,Purple,0
163,173,190,Grey,0
90,31,22,Brown,0
47,245,46,Green,1
184,192,179,Grey,0
87,82,238,Blue,0
252,178,240,Pink,0
196,107,72,Brown,0
3,254,160,Green,1
115,47,45,Brown,0
177,220,202,Grey,0
143,72,72,Brown,0
33,110,117,Blue,0
90,55,68,Brown,0
240,193,220,Pink,0
108,185,33,Green,1
129,25,200,Purple,0
180,13,86,Pink,0
38,197,107,Green,1
182,170,222,Blue,0
182,20,52,Red,0
78,176,96,Green,1
91,74,223,Blue,0
24,203,14,Green,1
147,244,72,Green,1
234,215,245,Purple,0
127,31,227,Purple,0
136,46,96,Brown,0
64,57,99,Grey,0
13,57,85,Blue,0
159,3,151,Pink,0
128,20,122,Purple,0
74,73,225,Blue,0
213,237,105,Yellow,0
92,47,144,Purple,0
16,199,4,Green,1
63,192,81,Green,1
200,237,218,Yellow,0
99,29,41,Brown,0
59,216,41,Green,1
210,9,219,Pink,0
84,226,121,Green,1
208,188,98,Yellow,0
248,146,206,Pink,0
52,233,235,Blue,0
23,235,195,Green,1
40,226,118,Green,1
110,157,7,Green,1
212,133,249,Pink,0
176,71,118,Pink,0
108,19,57,Brown,0
239,209,69,Yellow,0
96,102,117,Grey,0
55,210,178,Green,1
181,150,5,Yellow,0
254,128,19,Orange,0
55,43,85,Blue,0
31,250,221,Green,1
222,221,164,Yellow,0
159,104,239,Purple,0
58,233,197,Green,1
61,36,217,Blue,0
249,180,19,Yellow,0
141,142,245,Blue,0
113,202,252,Blue,0
149,107,144,Brown,0
213,60,206,Pink,0
231,250,149,Yellow,0
115,43,236,Purple,0
244,182,79,Yellow,0
216,87,175,Pink,0
245,7,95,Red,0
197,231,41,Green,1
140,200,51,Green,1
244,166,249,Pink,0
195,16,24,Red,0
23,69,193,Blue,0
228,54,239,Pink,0
40,137,95,Green,1
201,175,54,Yellow,0
118,214,162,Green,1
246,132,5,Orange,0
75,135,69,Green,1
178,126,167,Purple,0
236,197,217,Pink,0
205,3,142,Purple,0
254,234,15,Yellow,0
51,36,94,Blue,0
175,145,90,Brown,0
152,188,212,Blue,0
61,107,10,Green,1
175,48,99,Pink,0
1,128,159,Blue,0
4,128,169,Blue,0
123,202,48,Green,1
180,130,10,Yellow,0
50,179,187,Blue,0
150,16,150,Pink,0
240,20,84,Red,0
0,91,162,Blue,0
173,45,57,Red,0
139,6,137,Purple,0
234,215,243,Purple,0
38,220,184,Green,1
139,115,1,Green,1
126,151,191,Blue,0
240,4,92,Red,0
106,117,113,Grey,0
60,209,107,Green,1
219,225,241,Blue,0
210,23,241,Pink,0
156,201,205,Grey,0
182,238,229,Green,1
69,17,9,Brown,0
216,117,20,Orange,0
34,78,120,Blue,0
59,160,190,Blue,0
153,6,120,Purple,0
203,41,179,Pink,0
106,147,1,Green,1
111,57,127,Purple,0
126,84,114,Brown,0
99,55,99,Purple,0
38,213,48,Green,1
211,34,72,Red,0
50,152,108,Green,1
199,249,13,Yellow,0
46,239,53,Green,1
224,215,250,Purple,0
17,19,189,Blue,0
117,128,20,Green,1
85,213,182,Green,1
76,40,127,Purple,0
121,37,128,Purple,0
244,31,96,Red,0
25,125,233,Blue,0
234,15,99,Red,0
167,38,168,Purple,0
67,140,212,Blue,0
87,69,167,Blue,0
71,57,61,Grey,0
59,127,221,Blue,0
135,191,78,Green,1
27,75,20,Green,1
175,232,149,Green,1
59,185,119,Green,1
242,233,212,White,0
166,128,234,Purple,0
164,126,187,Purple,0
215,50,118,Pink,0
158,7,227,Purple,0
83,187,246,Blue,0
250,130,52,Orange,0
55,88,146,Blue,0
221,179,225,Pink,0
60,128,153,Blue,0
62,7,76,Purple,0
38,88,115,Blue,0
120,177,46,Green,1
115,196,153,Green,1
225,34,95,Red,0
191,230,12,Green,1
179,20,74,Red,0
73,9,199,Blue,0
200,221,207,Green,1
252,186,54,Yellow,0
183,116,103,Brown,0
94,254,16,Green,1
4,204,159,Green,1
233,129,240,Pink,0
160,186,137,Green,1
66,163,15,Green,1
158,195,193,Grey,0
98,18,208,Purple,0
62,89,52,Green,1
225,179,100,Yellow,0
30,134,127,Green,1
234,249,97,Yellow,0
112,155,81,Green,1
152,35,92,Purple,0
203,43,189,Purple,0
236,110,139,Red,0
171,23,104,Purple,0
54,164,244,Blue,0
101,63,191,Blue,0
174,171,19,Green,1
113,172,245,Blue,0
226,36,132,Pink,0
23,83,178,Blue,0
112,27,125,Purple,0
143,7,112,Purple,0
125,76,76,Brown,0
50,167,8,Green,1
28,7,85,Blue,0
252,121,16,Orange,0
46,93,67,Green,1
18,213,180,Green,1
18,172,37,Green,1
176,138,239,Blue,0
244,245,191,Yellow,0
167,240,167,Green,1
103,27,69,Brown,0
21,189,220,Blue,0
227,47,197,Pink,0
218,218,215,Grey,0
9,240,109,Green,1
7,237,126,Green,1
230,217,198,White,0
11,3,135,Blue,0
250,202,110,Yellow,0
121,223,240,Blue,0
72,81,37,Green,1
66,210,188,Green,1
253,244,25,Yellow,0
197,244,125,Yellow,0
123,11,192,Purple,0
182,225,252,Blue,0
227,203,237,Purple,0
131,206,32,Green,1
48,37,193,Blue,0
5,139,243,Blue,0
56,79,48,Green,1
25,149,111,Green,1
161,41,187,Purple,0
237,156,158,Orange,0
195,22,76,Red,0
78,130,74,Green,1
51,158,154,Blue,0
21,13,170,Blue,0
53,78,247,Blue,0
194,83,148,Pink,0
68,73,177,Blue,0
149,52,5,Brown,0
3,22,236,Blue,0
111,190,35,Green,1
77,116,86,Green,1
120,7,154,Purple,0
133,113,4,Green,1
123,104,57,Brown,0
22,10,1,Brown,0
20,117,11,Green,1
247,89,38,Orange,0
201,160,68,Yellow,0
14,128,98,Green,1
129,176,136,Green,1
176,3,196,Purple,0
229,247,111,Yellow,0
83,216,181,Green,1
33,151,95,Green,1
8,144,214,Blue,0
169,111,77,Brown,0
231,34,148,Pink,0
186,150,240,Blue,0
165,11,236,Purple,0
211,123,156,Pink,0
248,83,152,Pink,0
79,34,142,Blue,0
247,8,253,Pink,0
58,123,106,Green,1
86,242,251,Green,1
221,16,179,Purple,0
128,74,5,Brown,0
235,121,223,Pink,0
186,131,56,Brown,0
68,142,205,Blue,0
39,239,161,Green,1
231,109,159,Pink,0
253,46,148,Pink,0
184,236,33,Green,1
224,139,114,Brown,0
69,167,122,Green,1
32,2,80,Blue,0
82,201,194,Blue,0
116,241,99,Green,1
4,72,92,Blue,0
199,119,63,Brown,0
70,129,119,Green,1
163,182,75,Green,1
12,75,17,Green,1
126,197,79,Green,1
141,160,57,Green,1
68,69,53,Grey,0
126,89,180,Purple,0
157,243,132,Yellow,0
81,172,102,Green,1
147,32,214,Purple,0
171,44,60,Red,0
89,153,54,Green,1
25,75,185,Blue,0
113,18,24,Brown,0
37,216,108,Green,1
250,125,73,Orange,0
94,211,236,Blue,0
143,210,124,Green,1
119,90,122,Purple,0
142,193,182,Grey,0
202,57,39,Orange,0
58,10,147,Blue,0
107,108,65,Green,1
60,147,119,Green,1
244,188,136,Orange,0
87,141,17,Green,1
193,57,102,Pink,0
82,154,156,Blue,0
194,35,46,Red,0
45,193,238,Blue,0
77,236,121,Green,1
86,106,196,Blue,0
130,106,62,Brown,0
186,65,95,Pink,0
119,182,183,Blue,0
196,73,221,Purple,0
115,59,95,Purple,0
25,246,58,Green,1
100,178,110,Green,1
170,221,166,Green,1
148,139,103,Brown,0
51,133,117,Green,1
116,63,143,Purple,0
24,83,44,Green,1
6,49,54,Blue,0
135,239,99,Yellow,0
150,64,6,Brown,0
63,17,11,Brown,0
159,137,185,Blue,0
61,19,155,Blue,0
12,15,218,Blue,0
186,120,20,Orange,0
21,84,50,Green,1
2,25,162,Blue,0
65,193,151,Green,1
216,41,119,Pink,0
3,3,41,Blue,0
249,74,153,Pink,0
224,117,3,Orange,0
78,5,106,Purple,0
69,217,184,Green,1
49,63,155,Blue,0
105,21,134,Purple,0
149,92,227,Purple,0
5,21,21,Green,1
185,2,202,Purple,0
65,121,230,Blue,0
174,164,123,Brown,0
200,89,0,Orange,0
63,249,132,Green,1
62,101,139,Blue,0
134,98,105,Brown,0
202,45,239,Pink,0
44,215,109,Green,1
191,234,200,Green,1
114,49,108,Purple,0
54,149,242,Blue,0
51,23,72,Purple,0
29,20,137,Blue,0
189,176,130,Yellow,0
252,147,11,Orange,0
39,72,174,Blue,0
156,66,173,Purple,0
34,12,205,Blue,0
151,240,183,Green,1
19,96,163,Blue,0
150,35,185,Purple,0
226,197,14,Yellow,0
237,201,165,Orange,0
235,248,168,Yellow,0
6,177,133,Green,1
162,185,36,Green,1
171,151,118,Brown,0
80,140,185,Blue,0
95,83,27,Brown,0
84,6,176,Purple,0
128,8,142,Purple,0
132,84,34,Brown,0
40,77,77,Green,1
19,226,128,Green,1
71,194,87,Green,1
241,196,141,Orange,0
38,43,109,Blue,0
22,241,94,Green,1
69,109,9,Green,1
90,141,29,Green,1
82,72,121,Blue,0
11,22,238,Blue,0
122,10,17,Red,0
198,119,45,Orange,0
71,223,63,Green,1
225,32,129,Pink,0
18,102,13,Green,1
138,116,207,Purple,0
123,13,92,Purple,0
53,214,103,Green,1
79,233,174,Green,1
197,92,168,Pink,0
108,232,253,Blue,0
72,138,122,Green,1
152,215,192,Green,1
220,166,243,Pink,0
182,240,160,Green,1
36,228,221,Blue,0
39,181,102,Green,1
29,119,185,Blue,0
41,2,115,Blue,0
171,91,190,Pink,0
138,63,14,Brown,0
189,166,204,Pink,0
227,11,196,Pink,0
189,169,110,Brown,0
92,91,189,Blue,0
57,202,118,Green,1
253,128,151,Pink,0
212,243,175,Yellow,0
241,234,154,Yellow,0
6,76,215,Blue,0
27,202,172,Green,1
99,82,102,Grey,0
122,228,6,Green,1
68,175,129,Green,1
2,93,227,Blue,0
231,18,86,Red,0
103,246,245,Blue,0
98,55,92,Purple,0
28,30,57,Black,0
169,47,254,Pink,0
32,245,30,Green,1
214,199,236,Grey,0
188,0,132,Pink,0
175,103,4,Orange,0
24,14,184,Blue,0
31,76,39,Green,1
213,50,198,Pink,0
119,98,134,Grey,0
23,139,48,Green,1
13,179,75,Green,1
55,248,149,Green,1
3,151,234,Blue,0
230,94,86,Orange,0
171,240,23,Green,1
43,238,160,Green,1
11,200,35,Green,1
101,130,192,Blue,0
128,117,219,Blue,0
221,153,34,Orange,0
143,153,241,Blue,0
135,171,237,Blue,0
133,73,38,Brown,0
15,117,39,Green,1
107,78,245,Blue,0
110,176,82,Green,1
97,192,125,Green,1
242,63,233,Pink,0
240,240,240,White,0
241,241,241,White,0
242,242,242,White,0
243,243,243,White,0
244,244,244,White,0
245,245,245,White,0
246,246,246,White,0
247,247,247,White,0
248,248,248,White,0
249,249,249,White,0
250,250,250,White,0
251,251,251,White,0
252,252,252,White,0
253,253,253,White,0
254,254,254,White,0
255,255,255,White,0
0,0,0,Black,0
1,1,1,Black,0
2,2,2,Black,0
3,3,3,Black,0
4,4,4,Black,0
5,5,5,Black,0
6,6,6,Black,0
7,7,7,Black,0
8,8,8,Black,0
9,9,9,Black,0
10,10,10,Black,0
11,11,11,Black,0
12,12,12,Black,0
13,13,13,Black,0
14,14,14,Black,0
15,15,15,Black,0
16,16,16,Black,0
17,17,17,Black,0
18,18,18,Black,0
19,19,19,Black,0
20,20,20,Black,0
21,21,21,Black,0
22,22,22,Black,0
23,23,23,Black,0
24,24,24,Black,0
25,25,25,Black,0
26,26,26,Black,0
27,27,27,Black,0
28,28,28,Black,0
29,29,29,Black,0
30,30,30,Black,0
